product_id,product_name,category_path,price,brand,weight_kg,optional_attributes
1001,Fotel gamingowy Sofotel Cerber,"Akcesoria (Laptop, PC);Fotele gamingowe",619.99,Sofotel,19.0,{}
1002,Fotel gamingowy Sofotel Cerber,"Akcesoria (Laptop, PC);Fotele gamingowe",599990000.0,Sofotel,19.0,{}
1003,Fotel gamingowy TopEshop DORY,"Akcesoria (Laptop, PC);Fotele gamingowe",379.0,TopEshop,30.0,{}
1004,Fotel gamingowy Diablo Chairs WHITE BIEL BIAŁY,"Akcesoria (Laptop, PC);Fotele gamingowe",197.0,Diablo Chairs,30.0,{}
1005,Fotel gamingowy STERNHOFF SDH 162 B+B,"Akcesoria (Laptop, PC);Fotele gamingowe",399.0,STERNHOFF,17.0,{}
1006,Fotel gamingowy Diablo Chairs X-One 2.0,"Akcesoria (Laptop, PC);Fotele gamingowe",-728.0,Diablo Chairs,25.0,{}
1007,Fotel gamingowy Giosedio FMA011,"Akcesoria (Laptop, PC);Fotele gamingowe",439.0,Giosedio,20.0,{}
1008,Fotel gamingowy Diablo Chairs X-Player-NEW-king-size-biało-czarny,"Akcesoria (Laptop, PC);Fotele gamingowe",247.0,Diablo Chairs,30.0,{}
1009,Fotel gamingowy Diablo Chairs X-Player 2.0 King Size,"Akcesoria (Laptop, PC);Fotele gamingowe",247.0,Diablo Chairs,30.0,{}
1010,Fotel gamingowy Diablo Chairs X-Player 2.0 Normal Size Biało-Czarny,"Akcesoria (Laptop, PC);Fotele gamingowe",147.0,Diablo Chairs,25.0,{}
1011,Fotel gamingowy Diablo Chairs X-Gamer 2.0 Normal Size,"Akcesoria (Laptop, PC);Fotele gamingowe",797.0,Diablo Chairs,25.0,{}
1012,Fotel gamingowy Diablo Chairs X-Gamer 2.0,"Akcesoria (Laptop, PC);Fotele gamingowe",797.0,Diablo Chairs,25.0,{}
1013,Fotel gamingowy Giosedio FBS004,"Akcesoria (Laptop, PC);Fotele gamingowe",419.0,Giosedio,25.0,{}
1014,Fotel gamingowy Giosedio Fotel Gamingowy,"Akcesoria (Laptop, PC);Fotele gamingowe",566.03,Giosedio,25.0,{}
1015,Fotel gamingowy Angel BOSS X-6060 BLACK,"Akcesoria (Laptop, PC);Fotele gamingowe",671.0,Angel,25.0,{}
1016,Fotel gamingowy eHokery Shadow Gamer,"Akcesoria (Laptop, PC);Fotele gamingowe",479.0,eHokery,19.0,{}
1017,Fotel gamingowy Malatec Fotel Gamingowy,"Akcesoria (Laptop, PC);Fotele gamingowe",419.0,Malatec,19.8,{}
1018,Fotel gamingowy Giosedio FBL004,"Akcesoria (Laptop, PC);Fotele gamingowe",459.0,Giosedio,20.0,{}
1019,Fotel gamingowy Diablo Chairs X-Ray King Size,"Akcesoria (Laptop, PC);Fotele gamingowe",189.0,Diablo Chairs,30.0,{}
1020,Fotel gamingowy Huzaro Combat 3.0 Grey,"Akcesoria (Laptop, PC);Fotele gamingowe",449.0,Huzaro,21.0,{}
1021,Fotel gamingowy Diablo Chairs X-Horn 2.0,"Akcesoria (Laptop, PC);Fotele gamingowe",97.0,Diablo Chairs,25.0,{}
1022,Fotel gamingowy Huzaro Force 2.5 Red,"Akcesoria (Laptop, PC);Fotele gamingowe",380.03,Huzaro,14.0,{}
1023,Kamera internetowa IMILAB CMSXJ22A 2 MP,"Akcesoria (Laptop, PC);Kamery internetowe",-74.99,IMILAB,0.30000000000000004,{}
1024,Kamera internetowa Alio FHD120 720 MP,"Akcesoria (Laptop, PC);Kamery internetowe",-313.85,Alio,0.5,{}
1025,Kamera internetowa Logitech C920e,"Akcesoria (Laptop, PC);Kamery internetowe",348.0,Logitech,0.213,{}
1026,Kamera internetowa Hikvision DS-U18 8 MP,"Akcesoria (Laptop, PC);Kamery internetowe",399.0,Hikvision,0.30000000000000004,{}
1027,Kamera internetowa Hikvision DS-U12 2 MP,"Akcesoria (Laptop, PC);Kamery internetowe",118.88,Hikvision,0.2,{}
1028,Kamera internetowa Logitech C505,"Akcesoria (Laptop, PC);Kamery internetowe",179.0,Logitech,5.0,{}
1029,Kamera internetowa Lenovo 4XC1B34802,"Akcesoria (Laptop, PC);Kamery internetowe",179100000.0,Lenovo,0.2,{}
1030,Kamera internetowa Trust Tyro,"Akcesoria (Laptop, PC);Kamery internetowe",79.0,Trust,0.2,{}
1031,Kamera internetowa Natec NKI-1672,"Akcesoria (Laptop, PC);Kamery internetowe",79.9,Natec,0.185,{}
1032,Kamera internetowa Creative Live! Cam Sync 2 MP,"Akcesoria (Laptop, PC);Kamery internetowe",199.99,Creative,0.20500000000000002,{}
1033,Kamera internetowa Tracer FHD WEB007 2 MP,"Akcesoria (Laptop, PC);Kamery internetowe",-98.0,Tracer,0.115,{}
1034,Kamera internetowa Logitech StreamCam 2.1 MP,"Akcesoria (Laptop, PC);Kamery internetowe",469.98,Logitech,0.322,{}
1035,Kamera internetowa Logitech StreamCam,"Akcesoria (Laptop, PC);Kamery internetowe",494.9,Logitech,0.336,{}
1036,Kamera internetowa Logitech C925E,"Akcesoria (Laptop, PC);Kamery internetowe",335.99,Logitech,0.17,{}
1037,Kamera internetowa Logitech PTZ PRO 2 960-001186,"Akcesoria (Laptop, PC);Kamery internetowe",930.0,Logitech,2.06,{}
1038,Kamera internetowa Logitech 5099206072060,"Akcesoria (Laptop, PC);Kamery internetowe",953.0,Logitech,1.04,{}
1039,Kamera internetowa Microsoft LifeCam Studio,"Akcesoria (Laptop, PC);Kamery internetowe",339.41,Microsoft,0.34,{}
1040,Kamera internetowa A4TECH PK-910H,"Akcesoria (Laptop, PC);Kamery internetowe",89.5,A4TECH,0.17,{}
1041,Kamera internetowa Logitech C615,"Akcesoria (Laptop, PC);Kamery internetowe",259.0,Logitech,0.241,{}
1042,Kamera internetowa Logitech BCC950 ConferenceCam 3 MP,"Akcesoria (Laptop, PC);Kamery internetowe",758.0,Logitech,1.12,{}
1043,Kamera internetowa Logitech C310 5 MP,"Akcesoria (Laptop, PC);Kamery internetowe",96.76,Logitech,0.195,{}
1044,Kamera internetowa Logitech C920s HD PRO,"Akcesoria (Laptop, PC);Kamery internetowe",449.99,Logitech,0.0,{}
1045,Kamera internetowa Logitech C922,"Akcesoria (Laptop, PC);Kamery internetowe",365.0,Logitech,0.35000000000000003,{}
1046,Kamera internetowa Logitech C930E 3 MP,"Akcesoria (Laptop, PC);Kamery internetowe",349.0,Logitech,0.38,{}
1047,Kamera internetowa Logitech C270 3 MP,"Akcesoria (Laptop, PC);Kamery internetowe",109.0,Logitech,0.22,{}
1048,Kamera internetowa Logitech BRIO 4K,"Akcesoria (Laptop, PC);Kamery internetowe",733.99,Logitech,0.063,{}
1049,Kamera internetowa Logitech Group,"Akcesoria (Laptop, PC);Kamery internetowe",0.0,Logitech,4.02,{}
1050,Kamera internetowa Logitech Logitech kamera ConferenceCam Connect - Srebrna,"Akcesoria (Laptop, PC);Kamery internetowe",610.0,Logitech,1.58,{}
1051,Kamera internetowa Logitech C920 15 MP,"Akcesoria (Laptop, PC);Kamery internetowe",359.0,Logitech,0.24,{}
1052,Pamięć RAM DDR4 Kingston KF426S15IB1/16 16 GB,Części do laptopów;Pamięć RAM,349.0,Kingston,0.025,{'color': 'czarny'}
1053,Pamięć RAM DDR4 Patriot PSD432G32002S 32 GB,Części do laptopów;Pamięć RAM,619.0,Patriot,0.018000000000000002,{}
1054,Pamięć RAM DDR4 Samsung M471A1K43DB1-CWE 8 GB,Części do laptopów;Pamięć RAM,199.99,Samsung,0.01,{}
1055,Pamięć RAM DDR4 Kingston KCP432SS6/8 8 GB,Części do laptopów;Pamięć RAM,206.99,Kingston,0.15,{}
1056,Pamięć RAM DDR4 SK Hynix HMA451S6AFR8N-TF 4 GB,Części do laptopów;Pamięć RAM,90.0,SK Hynix,0.01,{}
1057,Pamięć RAM DDR3 SK Hynix HMT351S6BFR8C-H9 4 GB,Części do laptopów;Pamięć RAM,69.0,SK Hynix,0.01,{}
1058,Pamięć RAM DDR3 Samsung M471B5173DB0-YK0 4 GB,Części do laptopów;Pamięć RAM,54.98,Samsung,1.0,{}
1059,Pamięć RAM DDR4 CRUCIAL CT16G4SFRA266 16 GB,Części do laptopów;Pamięć RAM,361.99,CRUCIAL,0.15,{}
1060,Pamięć RAM DDR4 CRUCIAL CT32G4SFD8266 32 GB,Części do laptopów;Pamięć RAM,639.0,CRUCIAL,0.15,{}
1061,Pamięć RAM DDR4 Samsung M471A1K43BB0-CPB 8 GB,Części do laptopów;Pamięć RAM,114.0,Samsung,0.01,{}
1062,Pamięć RAM DDR3 SK Hynix HMT351S6EFR8C-PB 4 GB,Części do laptopów;Pamięć RAM,59.99,SK Hynix,0.01,{}
1063,Pamięć RAM DDR4 Samsung M471A2K43BB1-CPB 16 GB,Części do laptopów;Pamięć RAM,382.66,Samsung,0.06,{}
1064,Pamięć RAM DDR4 Micron MTA16ATF1G64HZ-2G1B1 8 GB,Części do laptopów;Pamięć RAM,139.0,Micron,0.01,{}
1065,Pamięć RAM DDR3 SK Hynix HMT351S6EFR8A-PB N0 AA 4 GB,Części do laptopów;Pamięć RAM,64.5,SK Hynix,0.2,{}
1066,Pamięć RAM DDR3 Samsung M471B5173BH0-YK0 4 GB,Części do laptopów;Pamięć RAM,57.0,Samsung,0.01,{}
1067,Pamięć RAM DDR3 ELPIDA EBJ41UF8BCS0-DJ-F 4 GB,Części do laptopów;Pamięć RAM,69.0,ELPIDA,0.2,{}
1068,Pamięć RAM DDR3 Samsung M471B5173EB0-YK0 4 GB,Części do laptopów;Pamięć RAM,56.0,Samsung,0.2,{}
1069,Pamięć RAM DDR3 Samsung M471B1G73DB0-YK0 8 GB,Części do laptopów;Pamięć RAM,119.5,Samsung,0.01,{}
1070,Pamięć RAM DDR3 Ramaxel RMT3170MN68F9F-1600 4 GB,Części do laptopów;Pamięć RAM,115.0,Ramaxel,0.2,{}
1071,Pamięć RAM DDR4 SK Hynix HMA81GS6AFR8N-UH 8 GB,Części do laptopów;Pamięć RAM,-140.0,SK Hynix,0.1,{}
1072,Pamięć RAM DDR4 SK Hynix HMA41GS6AFR8N-TF 8 GB,Części do laptopów;Pamięć RAM,115.5,SK Hynix,0.01,{}
1073,Pamięć RAM DDR3 SK Hynix HMT41GS6BFR8A-PB 8 GB,Części do laptopów;Pamięć RAM,135.0,SK Hynix,0.01,{}
1074,Pamięć RAM DDR3 Micron MT16KTF1G64HZ-1G6N1 8 GB,Części do laptopów;Pamięć RAM,139.39,Micron,0.01,{}
1075,Pamięć RAM DDR3 Samsung M471B1G73QH0-YK0 8 GB,Części do laptopów;Pamięć RAM,179.0,Samsung,0.2,{}
1076,Pamięć RAM DDR3 Samsung M471B5273CH0-CH9 4 GB,Części do laptopów;Pamięć RAM,54.98,Samsung,0.01,{}
1077,Pamięć RAM DDR3 Samsung M471B5273DH0-CH9 4 GB,Części do laptopów;Pamięć RAM,64.0,Samsung,0.01,{}
1078,Pamięć RAM DDR3 Samsung M471B5173QH0-YK0 4 GB,Części do laptopów;Pamięć RAM,59.99,Samsung,0.30000000000000004,{'color': 'zielony'}
1079,Pamięć RAM DDR3 Kingston KCP316SD8/8 8 GB,Części do laptopów;Pamięć RAM,189.7,Kingston,0.15,{'color': 'zielony'}
1080,Pamięć RAM DDR4 Patriot PSD48G213381S 8 GB,Części do laptopów;Pamięć RAM,166.57,Patriot,0.019,{}
1081,Pamięć RAM DDR4 Goodram GR2400S464L17S/8G 8 GB,Części do laptopów;Pamięć RAM,170.99,Goodram,0.1,{'color': 'zielony'}
1082,Pamięć RAM DDR3 Goodram GR1600S364L11/8G 8 GB,Części do laptopów;Pamięć RAM,149.0,Goodram,0.019,{}
1083,Pamięć RAM DDR3 Kingston KCP3L16SD8/8 8 GB,Części do laptopów;Pamięć RAM,329.0,Kingston,0.014,{'color': 'zielony'}
1084,Pamięć RAM DDR4 G.SKILL F4-2400C16S-16GRS 16 GB,Części do laptopów;Pamięć RAM,295.83,G.SKILL,0.02,{}
1085,Pamięć RAM DDR4 G.SKILL F4-2400C16D-16GRS 16 GB,Części do laptopów;Pamięć RAM,349.0,G.SKILL,0.185,{}
1086,Pamięć RAM DDR3 G.SKILL F3-1600C9D-16GRSL 16 GB,Części do laptopów;Pamięć RAM,308.18,G.SKILL,0.05,{}
1087,Pamięć RAM DDR3 Patriot PSD38G16002S 8 GB,Części do laptopów;Pamięć RAM,149.0,Patriot,0.021,{}
1088,Pamięć RAM DDR3 Corsair CMSA4GX3M1A1066C7 4 GB,Części do laptopów;Pamięć RAM,116.98,Corsair,0.02,{}
1089,Pamięć RAM DDR3 Goodram GR1600S3V64L11S/4G 4 GB,Części do laptopów;Pamięć RAM,146.37,Goodram,0.018000000000000002,{'color': 'zielony'}
1090,Pamięć RAM DDR3 Goodram GR1600S3V64L11/8G 8 GB,Części do laptopów;Pamięć RAM,145.55,Goodram,0.01,{}
1091,Pamięć RAM DDR3 Goodram GR1333S364L9/8G 8 GB,Części do laptopów;Pamięć RAM,162.99,Goodram,0.019,{}
1092,"Matryca LCD Dell 0MH6WV_028GKP 21.5 """,Części i akcesoria;Matryce LCD,99.99,Dell,5.0,{}
1093,"Matryca LCD LG LM195WD1(TL)(A2) 19.5 """,Części i akcesoria;Matryce LCD,680.0,LG,5.0,{}
1094,Zasilacz do monitora Qoltec 19 V 1.3 A,Części i akcesoria;Zasilacze LCD,43.99,Qoltec,0.26,{}
1095,Kabel DisplayPort Unitek C1608BNI czarny 2m,Kable i przedłużacze;DisplayPort,-58.99,Unitek,0.055,{}
1096,Klawiatura membranowa Samsung Trio 500,Klawiatury;Bezprzewodowe,125.0,Samsung,0.41200000000000003,{'color': 'czarny'}
1097,Klawiatura Razer RZ03-03610100-R3M1,Klawiatury;Bezprzewodowe,155.44,Razer,2.27,{}
1098,Klawiatura membranowa Logitech K270,Klawiatury;Bezprzewodowe,79.0,Logitech,0.15,{'color': 'czarny'}
1099,Klawiatura Lenovo GY40T26478,Klawiatury;Bezprzewodowe,379.36,Lenovo,1.581,{}
1100,Klawiatura mechaniczna Logitech G915 TKL Tactile,Klawiatury;Bezprzewodowe,775.18,Logitech,1.3599999999999999,{'color': 'czarny'}
1101,Klawiatura membranowa Logitech K860,Klawiatury;Bezprzewodowe,385.0,Logitech,0.15,{'color': 'czarny'}
1102,Klawiatura Dell Bezprzewodowa klawiatura + mysz-KM7120W,Klawiatury;Bezprzewodowe,288.44,Dell,1.5,{'color': 'czarny'}
1103,Klawiatura mechaniczna Marvo KG901,Klawiatury;Bezprzewodowe,97.99,Marvo,0.30000000000000004,{'color': 'czarny'}
1104,Klawiatura membranowa Logitech Craft,Klawiatury;Bezprzewodowe,719.0,Logitech,1.49,{'color': 'szary'}
1105,Klawiatura membranowa Logitech MK540,Klawiatury;Bezprzewodowe,89.99,Logitech,1.33,{'color': 'czarny'}
1106,Klawiatura mechaniczna Logitech G915 RGB Mechanical Tactile 920-008910,Klawiatury;Bezprzewodowe,854040000.0,Logitech,1.6600000000000001,{'color': 'czarny'}
1107,Klawiatura membranowa Logitech Craft,Klawiatury;Bezprzewodowe,710390000.0,Logitech,1.5390000000000001,{'color': 'czarny'}
1108,Klawiatura membranowa Logitech K780,Klawiatury;Bezprzewodowe,409.74,Logitech,1.06,{'color': 'czarny'}
1109,Klawiatura membranowa ART KLART AK-66,Klawiatury;Bezprzewodowe,87.0,ART,0.446,{'color': 'czarny'}
1110,Klawiatura membranowa Logitech K360,Klawiatury;Bezprzewodowe,220070000.0,Logitech,0.754,{'color': 'czarny'}
1111,Klawiatura membranowa Logitech K400 Plus,Klawiatury;Bezprzewodowe,105.0,Logitech,0.52,{'color': 'czarny'}
1112,Klawiatura mechaniczna Marvo KG962 EN B,Klawiatury;Przewodowe,169.0,Marvo,0.76,{'color': 'czarny'}
1113,Klawiatura mechaniczna Defender BLITZ GK-240L,Klawiatury;Przewodowe,99000000.0,Defender,0.77,{'color': 'czarny'}
1114,"Dell Pro Keyboard and Mouse KM5221W Wireless, Wire",Klawiatury;Przewodowe,139.0,Dell,0.71,{}
1115,Klawiatura mechaniczna Defender Reborn,Klawiatury;Przewodowe,129.0,Defender,1.1,{'color': 'czarny'}
1116,Klawiatura mechaniczna retoo klawiatura podświetlana LED,Klawiatury;Przewodowe,35.99,retoo,1.4,{'color': 'czarny'}
1117,Klawiatura membranowa Dell KB216,Klawiatury;Przewodowe,22.99,Dell,0.495,{'color': 'czarny'}
1118,Klawiatura membranowa A4Tech FK11 Fstyler,Klawiatury;Przewodowe,45.0,A4Tech,0.30000000000000004,{'color': 'szary'}
1119,Klawiatura mechaniczna Razer BlackWidow V3 Tenkeyless,Klawiatury;Przewodowe,440.0,Razer,1.72,{'color': 'czarny'}
1120,Klawiatura mechaniczna SPC Gear GK630K Tournament Kailh Brown RGB,Klawiatury;Przewodowe,239.0,SPC Gear,1.1,{'color': 'czarny'}
1121,Klawiatura Genesis Thor 210 RGB,Klawiatury;Przewodowe,169.0,Genesis,0.15,{}
1122,Klawiatura membranowa Razer Ornata V2,Klawiatury;Przewodowe,364.99,Razer,1.72,{'color': 'czarny'}
1123,Klawiatura membranowa Tracer LoCCar,Klawiatury;Przewodowe,41.9,Tracer,0.58,{'color': 'czarny'}
1124,Klawiatura mechaniczna Genesis Thor 300 RGB brown,Klawiatury;Przewodowe,249.0,Genesis,0.15,{'color': 'czarny'}
1125,Klawiatura mechaniczna Razer Huntsman Elite,Klawiatury;Przewodowe,847.0,Razer,2.2,{'color': 'czarny'}
1126,Klawiatura mechaniczna Esperanza EGK102G Aspis,Klawiatury;Przewodowe,14.79,Esperanza,0.56,{'color': 'czarny'}
1127,Klawiatura mechaniczna Esperanza Vortex,Klawiatury;Przewodowe,129.0,Esperanza,0.9,{'color': 'czarny'}
1128,Klawiatura membranowa Gembird KB-UML3-01,Klawiatury;Przewodowe,54.7,Gembird,0.52,{'color': 'czarny'}
1129,Klawiatura mechaniczna iBox Aurora K-3,Klawiatury;Przewodowe,169.0,iBox,1.1,{'color': 'czarny'}
1130,Klawiatura mechaniczna SPC Gear SPG019,Klawiatury;Przewodowe,254.99,SPC Gear,1.32,{'color': 'czarny'}
1131,Klawiatura mechaniczna Corsair K70 RGB MK.2,Klawiatury;Przewodowe,639.0,Corsair,1.8599999999999999,{'color': 'czarny'}
1132,Klawiatura membranowa Natec Goby,Klawiatury;Przewodowe,-33.0,Natec,0.182,{'color': 'czarny'}
1133,Klawiatura mechaniczna Tracer Gamezone Stinger 87,Klawiatury;Przewodowe,137.89,Tracer,0.8,{'color': 'czarny'}
1134,Klawiatura mechaniczna Cooler Master MasterKeys MK 730,Klawiatury;Przewodowe,575.31,Cooler Master,1.208,{'color': 'czarny'}
1135,Klawiatura membranowa Genesis Rhod 420,Klawiatury;Przewodowe,89.9,Genesis,1.0,{'color': 'czarny'}
1136,Klawiatura mechaniczna iBox Aurora K-4,Klawiatury;Przewodowe,-199.99,iBox,0.189,{'color': 'czarny'}
1137,Klawiatura mechaniczna Logitech G413 Carbon,Klawiatury;Przewodowe,299.0,Logitech,1.11,{'color': 'czarny'}
1138,Klawiatura membranowa Logitech G213,Klawiatury;Przewodowe,168.0,Logitech,1.4100000000000001,{'color': 'czarny'}
1139,Klawiatura mechaniczna Corsair K70 RGB MK.2 Low Profile,Klawiatury;Przewodowe,559.0,Corsair,1.52,{'color': 'czarny'}
1140,Klawiatura membranowa Dell KB522,Klawiatury;Przewodowe,47.99,Dell,2.0,{'color': 'czarny'}
1141,Klawiatura mechaniczna Sharkoon Skiller,Klawiatury;Przewodowe,149.0,Sharkoon,1.75,{'color': 'czarny'}
1142,Klawiatura mechaniczna Logitech G910 Orion Spectrum,Klawiatury;Przewodowe,499990000.0,Logitech,1.98,{'color': 'czarny'}
1143,Klawiatura mechaniczna A4Tech A4TKLA45994,Klawiatury;Przewodowe,267.99,A4Tech,1.08,{'color': 'czarny'}
1144,Klawiatura mechaniczna Modecom Volcano Lanparty RGB,Klawiatury;Przewodowe,229.0,Modecom,1.1,{'color': 'czarny'}
1145,Klawiatura membranowa Esperanza Tirions,Klawiatury;Przewodowe,43000000.0,Esperanza,0.6000000000000001,{'color': 'czarny'}
1146,Klawiatura mechaniczna Genesis Thor 300 TKL,Klawiatury;Przewodowe,168.19,Genesis,0.99,{'color': 'czarny'}
1147,Klawiatura mechaniczna Genesis Thor 300,Klawiatury;Przewodowe,229.0,Genesis,1.56,{'color': 'czarny'}
1148,Klawiatura membranowa A4Tech KV-300H,Klawiatury;Przewodowe,118.95,A4Tech,0.8300000000000001,{'color': 'szary'}
1149,Klawiatura membranowa Dell 580-ADHK,Klawiatury;Przewodowe,-49.98,Dell,0.52,{'color': 'czarny'}
1150,Komputer Optiplex 3090 mff/core i3-10105T/8GB+/,Komputery;Komputery stacjonarne,773.0,Dell,12.5,"{'width_cm': '21.00', 'height_cm': '44.00', 'depth_cm': '45.00', 'color': 'czarny'}"
1151,Komputer stacjonarny Dell Vostro 3888,Komputery;Komputery stacjonarne,629.74,Dell,0.0,"{'width_cm': '16.90', 'height_cm': '43.50', 'depth_cm': '35.60', 'color': 'czarny'}"
1152,Słuchawki bezprzewodowe nauszne Red Fighter H4,Mikrofony i słuchawki;Słuchawki bezprzewodowe,-255.0,Red Fighter,0.8,{'color': 'czarny'}
1153,Słuchawki bezprzewodowe nauszne Apple Beats Studio3,Mikrofony i słuchawki;Słuchawki bezprzewodowe,648.9,Apple,1.0,{'color': 'czarny'}
1154,Słuchawki bezprzewodowe nauszne ASUS Rog Strix Go 2.4,Mikrofony i słuchawki;Słuchawki bezprzewodowe,655.3,ASUS,0.88,{'color': 'czarny'}
1155,Słuchawki bezprzewodowe wokółuszne Corsair HS70 Pro Wireless Carbon,Mikrofony i słuchawki;Słuchawki bezprzewodowe,299.0,Corsair,0.58,{'color': 'czarny'}
1156,Słuchawki bezprzewodowe wokółuszne Corsair Void Elite Wireless,Mikrofony i słuchawki;Słuchawki bezprzewodowe,670.83,Corsair,0.85,{'color': 'biały'}
1157,Słuchawki bezprzewodowe nauszne HyperX Cloud Flight,Mikrofony i słuchawki;Słuchawki bezprzewodowe,279.99,HyperX,0.78,{'color': 'czarny'}
1158,Słuchawki bezprzewodowe nauszne Logitech G533,Mikrofony i słuchawki;Słuchawki bezprzewodowe,259.0,Logitech,0.68,{'color': 'czarny'}
1159,Słuchawki bezprzewodowe wokółuszne Logitech G935,Mikrofony i słuchawki;Słuchawki bezprzewodowe,449.0,Logitech,0.379,"{'width_cm': '19.50', 'height_cm': '18.80', 'depth_cm': '8.70', 'color': 'czarny'}"
1160,Słuchawki bezprzewodowe nauszne SteelSeries Arctis 7,Mikrofony i słuchawki;Słuchawki bezprzewodowe,359.0,SteelSeries,0.92,{'color': 'czarny'}
1161,Słuchawki nauszne Creative HS-720 V2,Mikrofony i słuchawki;Słuchawki przewodowe,129.55,Creative,0.049,{'color': 'czarny'}
1162,Słuchawki nauszne Onikuma K9,Mikrofony i słuchawki;Słuchawki przewodowe,99.0,Onikuma,0.4,"{'width_cm': '15.00', 'height_cm': '20.00', 'depth_cm': '15.00', 'color': 'różowy'}"
1163,Słuchawki nauszne Razer KRAKEN PRO V2 OVAL,Mikrofony i słuchawki;Słuchawki przewodowe,40.0,Razer,0.04,{'color': 'czarny'}
1164,Słuchawki nauszne SPC GEAR Viro,Mikrofony i słuchawki;Słuchawki przewodowe,188.0,SPC GEAR,0.77,{'color': 'czarny'}
1165,Słuchawki nauszne Mozos MTX1091ECO,Mikrofony i słuchawki;Słuchawki przewodowe,69.0,Mozos,0.1,"{'width_cm': '15.00', 'height_cm': '20.00', 'depth_cm': '10.00', 'color': 'czarny'}"
1166,Słuchawki nauszne Jabra Evolve2 40,Mikrofony i słuchawki;Słuchawki przewodowe,429.0,Jabra,0.32,{'color': 'czarny'}
1167,Słuchawki nauszne Corsair HS60 PRO,Mikrofony i słuchawki;Słuchawki przewodowe,225.99,Corsair,0.6000000000000001,{'color': 'czarny'}
1168,Słuchawki nauszne Trust GXT 488 Forze,Mikrofony i słuchawki;Słuchawki przewodowe,129.75,Trust,0.58,{'color': 'czarny'}
1169,Słuchawki nauszne Esperanza Blackbird,Mikrofony i słuchawki;Słuchawki przewodowe,29.99,Esperanza,0.0,{'color': 'czarny'}
1170,Słuchawki nauszne Blow Cerberus,Mikrofony i słuchawki;Słuchawki przewodowe,54.8,Blow,0.45,{'color': 'czarny'}
1171,Słuchawki nauszne MSI Immerse GH50,Mikrofony i słuchawki;Słuchawki przewodowe,279.99,MSI,0.78,"{'width_cm': '17.00', 'height_cm': '20.00', 'depth_cm': '8.00', 'color': 'czarny'}"
1172,Słuchawki nauszne HyperX Cloud Alpha,Mikrofony i słuchawki;Słuchawki przewodowe,239.0,HyperX,1.06,{'color': 'czarny'}
1173,Słuchawki nauszne Logitech G Pro X,Mikrofony i słuchawki;Słuchawki przewodowe,449.0,Logitech,0.857,"{'width_cm': '19.50', 'height_cm': '13.80', 'depth_cm': '9.40', 'color': 'czarny'}"
1174,Słuchawki nauszne HyperX Cloud Stinger Core,Mikrofony i słuchawki;Słuchawki przewodowe,79.0,HyperX,0.45,{'color': 'czarny'}
1175,Słuchawki nauszne Sennheiser PC5 Chat,Mikrofony i słuchawki;Słuchawki przewodowe,89.0,Sennheiser,0.2,{'color': 'czarny'}
1176,Słuchawki nauszne Corsair HS35,Mikrofony i słuchawki;Słuchawki przewodowe,159.0,Corsair,0.52,{'color': 'czarny'}
1177,Słuchawki nauszne Logitech G635,Mikrofony i słuchawki;Słuchawki przewodowe,269.0,Logitech,0.7000000000000001,"{'width_cm': '20.00', 'height_cm': '11.00', 'color': 'czarny'}"
1178,Słuchawki nauszne Logitech G332 981-000757,Mikrofony i słuchawki;Słuchawki przewodowe,209.0,Logitech,0.58,"{'width_cm': '20.00', 'height_cm': '11.00', 'depth_cm': '8.17', 'color': 'czarny'}"
1179,Słuchawki nauszne Logitech G432 Surround Sound Gaming,Mikrofony i słuchawki;Słuchawki przewodowe,279.0,Logitech,0.59,"{'width_cm': '23.00', 'height_cm': '20.00', 'depth_cm': '18.20', 'color': 'czarny'}"
1180,Słuchawki nauszne Logitech H570e Stereo Headset,Mikrofony i słuchawki;Słuchawki przewodowe,215.0,Logitech,0.22,{'color': 'czarny'}
1181,Słuchawki nauszne Genesis Argon 400,Mikrofony i słuchawki;Słuchawki przewodowe,129.0,Genesis,0.496,{'color': 'czarny'}
1182,Słuchawki nauszne Esperanza EH103,Mikrofony i słuchawki;Słuchawki przewodowe,20.95,Esperanza,0.293,{'color': 'czarny'}
1183,Słuchawki nauszne Creative SB H3,Mikrofony i słuchawki;Słuchawki przewodowe,121.0,Creative,0.4,{'color': 'szary'}
1184,Słuchawki wokółuszne Tracer Hydra 7.1,Mikrofony i słuchawki;Słuchawki przewodowe,128.9,Tracer,0.545,{'color': 'czarny'}
1185,Słuchawki nauszne Jabra Evolve 65 Duo,Mikrofony i słuchawki;Słuchawki przewodowe,632.99,Jabra,0.317,{'color': 'czarny'}
1186,Słuchawki nauszne Media-Tech EPSILON,Mikrofony i słuchawki;Słuchawki przewodowe,41.0,Media-Tech,0.26,{'color': 'czarny'}
1187,Słuchawki nauszne Sennheiser PC 8,Mikrofony i słuchawki;Słuchawki przewodowe,145.0,Sennheiser,0.188,{'color': 'czarny'}
1188,Słuchawki nauszne Sennheiser PC 2 CHAT,Mikrofony i słuchawki;Słuchawki przewodowe,81.18,Sennheiser,0.158,{'color': 'czarny'}
1189,Słuchawki nauszne Creative Sound Blaster Blaze,Mikrofony i słuchawki;Słuchawki przewodowe,100.0,Creative,0.18,{'color': 'czarny'}
1190,Słuchawki nauszne Jabra Evolve 20 Mono,Mikrofony i słuchawki;Słuchawki przewodowe,147.85,Jabra,0.139,{'color': 'czarny'}
1191,Słuchawki nauszne Logitech H390 USB,Mikrofony i słuchawki;Słuchawki przewodowe,119.0,Logitech,0.356,{'color': 'czarny'}
1192,Słuchawki nauszne HyperX Cloud II Headset,Mikrofony i słuchawki;Słuchawki przewodowe,299.0,HyperX,1.34,{'color': 'czerwony'}
1193,"Monitor LED iiyama Inny 22 "" 1680 x 1050 px TN",Monitory komputerowe;Monitory,449.0,iiyama,18.0,"{'height_cm': '38.40', 'depth_cm': '21.80', 'width_cm': '50.40'}"
1194,"Monitor DELL E2222H 54.5 cm (21.4"") 1920 x 1080 px Full HD Czarny",Monitory komputerowe;Monitory,610.0,Dell,4.14,"{'height_cm': '29.54', 'depth_cm': '4.96', 'width_cm': '50.43'}"
1195,"Monitor DELL E2722HS 68.6 cm (27"") 1920 x 1080 px Full HD Czarny",Monitory komputerowe;Monitory,939.23,Dell,7.53,"{'height_cm': '37.09', 'depth_cm': '5.04', 'width_cm': '62.33'}"
1196,"Samsung LS49AG950NUXEN 124.5 cm (49"") 5120 x 1440 px UltraWide 5K HD QLED Biały",Monitory komputerowe;Monitory,599.0,Samsung,20.4,"{'height_cm': '36.35', 'depth_cm': '28.74', 'width_cm': '114.95'}"
1197,"Monitor LED Samsung LS24A400VEUXEN; 24 "" 1920 x 1080 px IPS / PLS",Monitory komputerowe;Monitory,939000000.0,Samsung,5.8,"{'height_cm': '32.15', 'depth_cm': '5.21', 'width_cm': '54.17'}"
1198,"Monitor AOC CQ27G3SU/BK 27"" VA",Monitory komputerowe;Monitory,573.05,AOC,8.72,"{'height_cm': '36.75', 'depth_cm': '9.50', 'width_cm': '60.50'}"
1199,"Monitor AOC CQ32G3SU/BK 31.5"" VA",Monitory komputerowe;Monitory,763.0,AOC,10.9,"{'height_cm': '42.42', 'depth_cm': '11.12', 'width_cm': '70.05'}"
1200,"Monitor AOC U27P2CA 27"" IPS / PLS",Monitory komputerowe;Monitory,869.0,AOC,9.6,"{'height_cm': '36.95', 'depth_cm': '5.11', 'width_cm': '61.36'}"
1201,"Monitor LED Samsung LS27AG300NUXEN 27 "" 1920 x 1080 px VA",Monitory komputerowe;Monitory,19.0,Samsung,7.8,{}
1202,"Monitor LCD ASUS VA27DCP 27 "" IPS / PLS",Monitory komputerowe;Monitory,129.0,ASUS,6.8,"{'height_cm': '36.50', 'depth_cm': '5.39', 'width_cm': '61.20'}"
1203,"Monitor LED Samsung LS27A700NWUXEN 27 "" 3840 x 2160 px IPS / PLS",Monitory komputerowe;Monitory,389.0,Samsung,7.8,"{'height_cm': '37.40', 'depth_cm': '6.40', 'width_cm': '63.88'}"
1204,"Monitor IPS, LED iiyama GB3271QSU-B1 31.5 "" IPS / PLS",Monitory komputerowe;Monitory,999.0,iiyama,14.1,{'width_cm': '71.40'}
1205,"Monitor LED Samsung LS27A600NWUXEN 27 "" 2560 x 1440 px IPS / PLS",Monitory komputerowe;Monitory,499.0,Samsung,8.1,"{'height_cm': '36.82', 'depth_cm': '4.27', 'width_cm': '61.55'}"
1206,"Monitor LED iiyama GB2570HSU-B1 24.5 "" 1920 x 1080 px IPS / PLS",Monitory komputerowe;Monitory,99.0,iiyama,6.5,{'width_cm': '55.75'}
1207,"Monitor LED Samsung LS27A600UUUXEN; 27 "" 2560 x 1440 px IPS / PLS",Monitory komputerowe;Monitory,729.0,Samsung,8.4,"{'height_cm': '36.82', 'depth_cm': '4.27', 'width_cm': '61.55'}"
1208,"Monitor LED Samsung LS27A800NMUXEN 27 "" 3840 x 2160 px IPS / PLS",Monitory komputerowe;Monitory,699.0,Samsung,8.1,"{'height_cm': '36.82', 'depth_cm': '4.27', 'width_cm': '61.55'}"
1209,"Monitor LED LG 27GP850-B 27 "" 2560 x 1440 px IPS / PLS",Monitory komputerowe;Monitory,699.0,LG,9.12,"{'height_cm': '36.48', 'depth_cm': '5.17', 'width_cm': '61.42'}"
1210,"Monitor LED LG 27UP850-W 27 "" 3840 x 2160 px IPS / PLS",Monitory komputerowe;Monitory,999.0,LG,8.9,"{'height_cm': '36.35', 'depth_cm': '4.54', 'width_cm': '61.35'}"
1211,"Monitor LED Samsung LS32A700NWUXEN; 32 "" IPS / PLS",Monitory komputerowe;Monitory,549.0,Samsung,8.0,"{'height_cm': '42.47', 'depth_cm': '4.13', 'width_cm': '71.61'}"
1212,"Monitor LED Samsung F24T352FHR 24 "" 1920 x 1080 px IPS / PLS",Monitory komputerowe;Monitory,639.99,Samsung,4.0,"{'height_cm': '32.28', 'depth_cm': '3.94', 'width_cm': '53.92'}"
1213,"Monitor LED LG 32MP60G-B 32 "" 1920 x 1080 px IPS / PLS",Monitory komputerowe;Monitory,999.0,LG,9.2,"{'height_cm': '32.11', 'depth_cm': '4.19', 'width_cm': '72.94'}"
1214,"Monitor LED Samsung F24T450FQR 24 "" 1920 x 1080 px IPS / PLS",Monitory komputerowe;Monitory,799.0,Samsung,5.5,"{'height_cm': '32.30', 'depth_cm': '3.90', 'width_cm': '53.92'}"
1215,"Monitor LED GIGABYTE G32QC-A 31.5 "" 2560 x 1440 px VA",Monitory komputerowe;Monitory,600.0,GIGABYTE,10.8,{}
1216,"Monitor LED Samsung LS27AM500NRXEN 27 "" 1920 x 1080 px VA",Monitory komputerowe;Monitory,849.0,Samsung,6.2,"{'height_cm': '45.54', 'depth_cm': '19.35', 'width_cm': '61.55'}"
1217,"Monitor LCD Samsung LC32G55TQWRXEN; 32 "" 2560 x 1440 px VA",Monitory komputerowe;Monitory,300.0,Samsung,8.0,"{'height_cm': '43.94', 'depth_cm': '13.59', 'width_cm': '71.01'}"
1218,"Monitor LED Samsung C24F390 24 "" 1920 x 1080 px VA",Monitory komputerowe;Monitory,585.0,Samsung,4.7,"{'height_cm': '32.63', 'depth_cm': '8.76', 'width_cm': '54.78'}"
1219,"Monitor LED Samsung C34J791WTRX 34 "" 3440 x 1440 px VA",Monitory komputerowe;Monitory,32.0,Samsung,13.9,"{'height_cm': '36.28', 'depth_cm': '16.70', 'width_cm': '80.87'}"
1220,"Monitor LED Samsung LC34G55TWWRXEN 34 "" 3440 x 1440 px VA",Monitory komputerowe;Monitory,999.0,Samsung,7.9,"{'height_cm': '38.09', 'depth_cm': '15.27', 'width_cm': '80.66'}"
1221,"Monitor LED Samsung F32TU870VR 32 "" 3840 x 2160 px VA",Monitory komputerowe;Monitory,449.0,Samsung,10.6,"{'height_cm': '42.01', 'depth_cm': '5.29', 'width_cm': '71.62'}"
1222,"Monitor LED Samsung LC27G75TQSRXEN 27 "" 2560 x 1440 px VA",Monitory komputerowe;Monitory,399000000.0,Samsung,10.5,"{'height_cm': '38.28', 'depth_cm': '17.10', 'width_cm': '61.46'}"
1223,"Monitor LED Samsung LC32G75TQSRXEN 32 "" 2560 x 1440 px VA",Monitory komputerowe;Monitory,599.0,Samsung,12.3,"{'height_cm': '43.91', 'depth_cm': '18.71', 'width_cm': '71.01'}"
1224,"Monitor LED Samsung U28R550UQR 28 "" 3840 x 2160 px IPS / PLS",Monitory komputerowe;Monitory,178.95,Samsung,7.8,"{'height_cm': '37.40', 'depth_cm': '6.40', 'width_cm': '63.88'}"
1225,"Monitor LED Samsung S32AM700UR 32 "" 3840 x 2160 px VA",Monitory komputerowe;Monitory,345.0,Samsung,8.3,"{'height_cm': '51.70', 'depth_cm': '19.35', 'width_cm': '71.61'}"
1226,"Monitor LCD Samsung U32J590UQR 31.5 "" 3840 x 2160 px VA",Monitory komputerowe;Monitory,249.0,Samsung,8.4,"{'height_cm': '53.40', 'depth_cm': '25.00', 'width_cm': '73.00'}"
1227,"Monitor LED Samsung LC32T550FDRXEN; 32 "" 1920 x 1080 px VA",Monitory komputerowe;Monitory,167.0,Samsung,9.3,"{'height_cm': '42.60', 'depth_cm': '13.35', 'width_cm': '70.88'}"
1228,"Monitor LED Samsung F27T350FHR 27 "" 1920 x 1080 px IPS / PLS",Monitory komputerowe;Monitory,719.0,Samsung,4.9,"{'height_cm': '36.36', 'depth_cm': '3.94', 'width_cm': '61.21'}"
1229,"Monitor LED Samsung LC27F390FHRXEN 27 "" 1920 x 1080 px VA",Monitory komputerowe;Monitory,789.0,Samsung,6.1,"{'height_cm': '36.76', 'depth_cm': '9.44', 'width_cm': '62.29'}"
1230,"Monitor LED ASUS XG27AQ 27 "" IPS / PLS",Monitory komputerowe;Monitory,549.0,ASUS,11.9,"{'height_cm': '36.70', 'depth_cm': '8.20', 'width_cm': '61.10'}"
1231,"Monitor IPS, LED Lenovo S27e-20 27 "" IPS / PLS",Monitory komputerowe;Monitory,879000000.0,Lenovo,6.42,{}
1232,"Monitor LED iiyama Black Hawk 27 "" 2560 x 1440 px IPS / PLS",Monitory komputerowe;Monitory,37.0,iiyama,6.2,{'width_cm': '61.15'}
1233,"Monitor LED ASUS VG24VQE 23.6""",Monitory komputerowe;Monitory,819.0,ASUS,4.87,"{'height_cm': '32.00', 'depth_cm': '6.99', 'width_cm': '53.76'}"
1234,"Monitor LED iiyama Red Eagle 24 "" 1920 x 1080 px VA",Monitory komputerowe;Monitory,189.0,iiyama,4.8,"{'height_cm': '38.70', 'depth_cm': '25.60', 'width_cm': '53.55'}"
1235,"Monitor LED HP E27 G4 27 "" 1920 x 1080 px brak informacji",Monitory komputerowe;Monitory,994.0,HP,10.4,"{'height_cm': '36.36', 'depth_cm': '4.70', 'width_cm': '61.17'}"
1236,"Monitor LCD MSI MAG274QRF-QD 27 "" 2560 x 1440 px IPS / PLS",Monitory komputerowe;Monitory,299.0,MSI,8.89,{}
1237,"Monitor LCD MSI MP242 23.8 "" 1920 x 1080 px IPS / PLS",Monitory komputerowe;Monitory,599.0,MSI,5.5,"{'height_cm': '32.31', 'depth_cm': '4.80', 'width_cm': '53.95'}"
1238,"Monitor LED Samsung S24A310NHU 24 "" 1920 x 1080 px VA",Monitory komputerowe;Monitory,598000000.0,Samsung,4.2,"{'height_cm': '33.50', 'depth_cm': '5.37', 'width_cm': '56.53'}"
1239,"Monitor LED AOC 24B2XDAM 24 "" VA",Monitory komputerowe;Monitory,689.0,AOC,4.5,"{'height_cm': '32.09', 'depth_cm': '3.76', 'width_cm': '53.95'}"
1240,"Monitor LED iiyama G-Master 24 "" 1920 x 1080 px IPS / PLS",Monitory komputerowe;Monitory,799.01,iiyama,5.1,"{'height_cm': '39.30', 'depth_cm': '20.20', 'width_cm': '53.90'}"
1241,"Monitor LED iiyama G2740HSU-B1 27 "" 1920 x 1080 px IPS / PLS",Monitory komputerowe;Monitory,828.5,iiyama,6.1,"{'height_cm': '43.30', 'depth_cm': '23.90', 'width_cm': '61.00'}"
1242,"Monitor LED iiyama GB2770HSU-B1 27 "" 1920 x 1080 px IPS / PLS",Monitory komputerowe;Monitory,-115.39,iiyama,7.5,{'width_cm': '61.25'}
1243,"Monitor LED Philips 241V8L 23.8 "" VA",Monitory komputerowe;Monitory,648.24,Philips,4.25,"{'height_cm': '32.20', 'depth_cm': '5.10', 'width_cm': '54.00'}"
1244,"Monitor LED Samsung Odyssey G3 27 "" 1920 x 1080 px VA",Monitory komputerowe;Monitory,-979.0,Samsung,9.8,"{'height_cm': '60.59', 'depth_cm': '27.83', 'width_cm': '61.68'}"
1245,"Monitor LED MSI Optix MAG274QRF 27 "" 2560 x 1440 px IPS / PLS",Monitory komputerowe;Monitory,818.0,MSI,8.7,"{'height_cm': '36.93', 'depth_cm': '4.74', 'width_cm': '61.49'}"
1246,"Monitor LED iiyama GB2470HSU-B1 23.8 "" IPS / PLS",Monitory komputerowe;Monitory,954.36,iiyama,6.4,{'width_cm': '53.95'}
1247,"Monitor LED ASUS Rog Swift PG259QN 24.5 "" 1920 x 1080 px IPS / PLS",Monitory komputerowe;Monitory,397.75,ASUS,9.9,"{'height_cm': '33.00', 'depth_cm': '8.80', 'width_cm': '55.70'}"
1248,"Monitor LED Samsung Odyssey G5 27 "" 2560 x 1440 px VA",Monitory komputerowe;Monitory,199.0,Samsung,6.1,"{'height_cm': '38.28', 'depth_cm': '12.00', 'width_cm': '61.70'}"
1249,"Monitor LED AOC G2790VXA 27 "" 1920 x 1080 px VA",Monitory komputerowe;Monitory,929.0,AOC,6.47,"{'height_cm': '36.58', 'depth_cm': '4.88', 'width_cm': '61.49'}"
1250,"Monitor LED AOC CQ32G2SE/BK 31.5 "" 2560 x 1440 px VA",Monitory komputerowe;Monitory,579.0,AOC,10.7,"{'height_cm': '42.55', 'depth_cm': '8.72', 'width_cm': '70.99'}"
1251,"Monitor LED AOC C24G2U/BK 23.6 "" 1920 x 1080 px VA",Monitory komputerowe;Monitory,839.99,AOC,6.59,"{'height_cm': '32.10', 'depth_cm': '6.85', 'width_cm': '53.61'}"
1252,"Monitor LED AOC C27G2AE/BK 27 "" 1920 x 1080 px VA",Monitory komputerowe;Monitory,159.0,AOC,7.8,"{'height_cm': '36.74', 'depth_cm': '7.32', 'width_cm': '61.24'}"
1253,"Monitor LED AOC C27G2U/BK 27 "" 1920 x 1080 px VA",Monitory komputerowe;Monitory,58.0,AOC,8.3,"{'height_cm': '36.73', 'depth_cm': '7.32', 'width_cm': '61.24'}"
1254,"Monitor LED AOC C24G2AE/BK 23.6 "" 1920 x 1080 px VA",Monitory komputerowe;Monitory,879.16,AOC,6.11,"{'height_cm': '32.10', 'depth_cm': '6.85', 'width_cm': '53.61'}"
1255,"Monitor LED BenQ GW2475H 23.8 "" 1920 x 1080 px TN",Monitory komputerowe;Monitory,633.0,BenQ,5.0,"{'height_cm': '41.82', 'depth_cm': '18.92', 'width_cm': '54.04'}"
1256,"Monitor LED Xiaomi Mi Curved Gaming 34 "" 3440 x 1440 px VA",Monitory komputerowe;Monitory,999.0,Xiaomi,10.0,"{'height_cm': '24.25', 'depth_cm': '81.40', 'width_cm': '81.00'}"
1257,"Monitor LCD MSI G241V 23.6 "" 1920 x 1080 px IPS / PLS",Monitory komputerowe;Monitory,749.0,MSI,5.0,{'width_cm': '54.03'}
1258,"Monitor IPS Philips 275B1H/00 27 "" IPS / PLS",Monitory komputerowe;Monitory,445.0,Philips,8.53,"{'height_cm': '36.60', 'depth_cm': '5.10', 'width_cm': '61.30'}"
1259,"Monitor LED Acer XF240QSbiipr 23.6 "" TN",Monitory komputerowe;Monitory,825.0,Acer,3.65,"{'height_cm': '33.59', 'depth_cm': '6.07', 'width_cm': '56.70'}"
1260,"Monitor LED ASUS VG27AQL1A 27 "" 2560 x 1440 px IPS / PLS",Monitory komputerowe;Monitory,238.23,ASUS,9.0,{'width_cm': '61.50'}
1261,"Monitor LED LG 29BN650-B 29 "" 2560 x 1080 px IPS / PLS",Monitory komputerowe;Monitory,291.17,LG,9.1,"{'height_cm': '31.30', 'depth_cm': '7.70', 'width_cm': '68.80'}"
1262,"Monitor LCD LG 34BN770-B 34 "" 3440 x 1440 px IPS / PLS",Monitory komputerowe;Monitory,385.0,LG,13.7,{'width_cm': '81.66'}
1263,Monitor 32QN600-B 32 QHD IPS HDR10 AMD FreeSync,Monitory komputerowe;Monitory,489.99,LG,10.4,{'width_cm': '71.37'}
1264,"Monitor LED LG 34WN650-W 34 "" 2560 x 1080 px IPS / PLS",Monitory komputerowe;Monitory,479.0,LG,11.1,{'width_cm': '81.65'}
1265,"Monitor LED AOC 24P2C; 23.8 "" 1920 x 1080 px IPS / PLS",Monitory komputerowe;Monitory,58.0,AOC,7.27,"{'height_cm': '32.64', 'depth_cm': '5.07', 'width_cm': '54.02'}"
1266,"Monitor LED AOC U27P2; 27 "" 3840 x 2160 px IPS / PLS",Monitory komputerowe;Monitory,629.0,AOC,9.3,"{'height_cm': '36.95', 'depth_cm': '5.11', 'width_cm': '61.36'}"
1267,"Monitor LED AOC Q2790PQE 27 "" 2560 x 1440 px IPS / PLS",Monitory komputerowe;Monitory,359.0,AOC,9.9,{'width_cm': '61.49'}
1268,"Monitor LED AOC C27G2ZU/BK 27 "" 1920 x 1080 px VA",Monitory komputerowe;Monitory,289000000.0,AOC,7.8,"{'height_cm': '36.73', 'depth_cm': '7.32', 'width_cm': '61.24'}"
1269,"Monitor LED Acer ED270RPbiipx 27 "" 1920 x 1080 px VA",Monitory komputerowe;Monitory,939.0,Acer,3.79,"{'height_cm': '46.60', 'depth_cm': '19.60', 'width_cm': '62.50'}"
1270,"Monitor LCD MSI MAG272CQR 27 "" 2560 x 1440 px VA",Monitory komputerowe;Monitory,500.0,MSI,13.1,{'width_cm': '61.15'}
1271,"Monitor LED MSI MAG322CQR 31.5 "" 2560 x 1440 px VA",Monitory komputerowe;Monitory,45.0,MSI,10.0,"{'height_cm': '42.33', 'depth_cm': '9.92', 'width_cm': '71.04'}"
1272,"Monitor LED LG 29WN600-W 29 "" 2560 x 1080 px IPS / PLS",Monitory komputerowe;Monitory,991.0,LG,6.6,"{'height_cm': '31.30', 'depth_cm': '7.70', 'width_cm': '68.81'}"
1273,"Monitor LCD MSI MAG322CR 31.5 "" 1920 x 1080 px VA",Monitory komputerowe;Monitory,83.0,MSI,10.0,"{'height_cm': '42.33', 'depth_cm': '9.92', 'width_cm': '71.05'}"
1274,"Monitor LED ASUS VG259QM 24.5 "" IPS / PLS",Monitory komputerowe;Monitory,499.0,ASUS,7.5,"{'height_cm': '32.90', 'depth_cm': '5.20', 'width_cm': '56.30'}"
1275,"Monitor LED MSI Optix G271 27 "" 1920 x 1080 px IPS / PLS",Monitory komputerowe;Monitory,979.0,MSI,6.4,"{'height_cm': '45.43', 'depth_cm': '21.96', 'width_cm': '61.25'}"
1276,"Monitor LED MSI G241 23.8 "" 1920 x 1080 px IPS / PLS",Monitory komputerowe;Monitory,893.76,MSI,5.0,"{'height_cm': '42.26', 'depth_cm': '21.96', 'width_cm': '54.03'}"
1277,"Monitor LED AOC Q27G2U/BK 27 "" 2560 x 1440 px VA",Monitory komputerowe;Monitory,405.99,AOC,7.53,"{'height_cm': '39.86', 'depth_cm': '22.74', 'width_cm': '61.25'}"
1278,"Monitor LED AOC CQ27G2U 27 "" 2560 x 1440 px VA",Monitory komputerowe;Monitory,400.26,AOC,7.8,"{'height_cm': '52.00', 'depth_cm': '18.70', 'width_cm': '73.00'}"
1279,"Monitor LED ASUS TUF Gaming VG279QM 27 "" 1920 x 1080 px IPS / PLS",Monitory komputerowe;Monitory,599.0,ASUS,8.2,"{'height_cm': '36.27', 'depth_cm': '5.06', 'width_cm': '61.94'}"
1280,"Monitor LED AOC 27B2H/EU 27 "" 1920 x 1080 px IPS / PLS",Monitory komputerowe;Monitory,627.0,AOC,5.5,"{'height_cm': '41.98', 'depth_cm': '18.68', 'width_cm': '54.01'}"
1281,"Monitor LED BenQ EW3270UE 31.5 "" 3840 x 2160 px VA",Monitory komputerowe;Monitory,-541.14,BenQ,10.2,"{'height_cm': '52.20', 'depth_cm': '21.50', 'width_cm': '72.60'}"
1282,"Monitor LED Samsung LS24R350FHUXEN 24 "" 1920 x 1080 px IPS / PLS",Monitory komputerowe;Monitory,615.0,Samsung,4.8,"{'height_cm': '32.13', 'depth_cm': '4.99', 'width_cm': '53.97'}"
1283,"Monitor LED Dell P2720DC 27 "" 2560 x 1440 px IPS / PLS",Monitory komputerowe;Monitory,99.0,Dell,9.2,"{'height_cm': '36.41', 'depth_cm': '4.36', 'width_cm': '61.16'}"
1284,"Monitor LED iiyama XUB3493WQSU-B1 34 "" 3440 x 1440 px IPS / PLS",Monitory komputerowe;Monitory,884.47,iiyama,10.0,"{'height_cm': '41.50', 'depth_cm': '23.00', 'width_cm': '81.70'}"
1285,"Monitor LED LG 34GL750-B 34 "" 2560 x 1080 px IPS / PLS",Monitory komputerowe;Monitory,699.99,LG,6.1,"{'height_cm': '36.40', 'depth_cm': '8.70', 'width_cm': '82.00'}"
1286,"Monitor LED Samsung LC27RG50FQUXEN 27 "" 1920 x 1080 px VA",Monitory komputerowe;Monitory,890.0,Samsung,16.5,"{'height_cm': '36.62', 'depth_cm': '6.10', 'width_cm': '61.66'}"
1287,"Monitor LED AOC 24G2U/BK 23.8 "" 1920 x 1080 px IPS / PLS",Monitory komputerowe;Monitory,939.0,AOC,6.25,"{'height_cm': '49.20', 'depth_cm': '22.70', 'width_cm': '60.50'}"
1288,"Monitor LED MSI MPG341CQR 34 "" 3440 x 1440 px VA",Monitory komputerowe;Monitory,999.0,MSI,13.5,"{'height_cm': '56.30', 'depth_cm': '32.42', 'width_cm': '81.06'}"
1289,"Monitor LED iiyama X3291HS 31.5 "" 1920 x 1080 px IPS / PLS",Monitory komputerowe;Monitory,129.0,iiyama,12.8,"{'height_cm': '43.50', 'depth_cm': '4.75', 'width_cm': '73.75'}"
1290,"Monitor LCD Philips 322E1C/00 31.5 "" VA",Monitory komputerowe;Monitory,135.64,Philips,10.0,"{'height_cm': '42.50', 'depth_cm': '8.80', 'width_cm': '70.90'}"
1291,"Monitor LED AOC 24G2U5/BK 23.8 "" 1920 x 1080 px IPS / PLS",Monitory komputerowe;Monitory,785.0,AOC,6.2,"{'height_cm': '32.21', 'depth_cm': '4.72', 'width_cm': '53.91'}"
1292,"Monitor LED Philips 275E1S/00 27 "" 2560 x 1440 px brak informacji",Monitory komputerowe;Monitory,74.99,Philips,5.71,"{'height_cm': '46.10', 'depth_cm': '19.50', 'width_cm': '61.30'}"
1293,"Monitor LED iiyama X2474HS-B2 23.6 "" 1920 x 1080 px VA",Monitory komputerowe;Monitory,72.27,iiyama,3.7,"{'height_cm': '40.30', 'depth_cm': '19.95', 'width_cm': '54.60'}"
1294,"Monitor LED Dell C5518Q 54.6 "" VA",Monitory komputerowe;Monitory,699.99,Dell,20.5,"{'height_cm': '721.50', 'depth_cm': '64.80', 'width_cm': '1241.00'}"
1295,"Monitor LED LG 27UL500-W 27 "" 3840 x 2160 px IPS / PLS",Monitory komputerowe;Monitory,230.0,LG,7.2,"{'height_cm': '37.10', 'depth_cm': '7.40', 'width_cm': '62.26'}"
1296,"Monitor LED Acer Nitro VG270UB 27 "" 2560 x 1440 px IPS / PLS",Monitory komputerowe;Monitory,99.0,Acer,8.88,"{'height_cm': '36.61', 'depth_cm': '6.61', 'width_cm': '61.16'}"
1297,"Monitor LED Acer Nitro VG270bmiix 27 "" 1920 x 1080 px IPS / PLS",Monitory komputerowe;Monitory,868.95,Acer,5.41,"{'height_cm': '47.50', 'depth_cm': '24.00', 'width_cm': '61.40'}"
1298,"Monitor LED LG 32GK650F-B 31.5 "" 2560 x 1440 px VA",Monitory komputerowe;Monitory,625.0,LG,14.3,"{'height_cm': '42.40', 'depth_cm': '5.70', 'width_cm': '71.50'}"
1299,"Monitor LED AOC 27V2Q 27 "" 1920 x 1080 px IPS / PLS",Monitory komputerowe;Monitory,917.62,AOC,6.3,"{'height_cm': '55.50', 'width_cm': '60.99'}"
1300,"Monitor LED Dell P2419H 23.8 "" 1920 x 1080 px IPS / PLS",Monitory komputerowe;Monitory,397.0,Dell,3.26,"{'height_cm': '32.22', 'depth_cm': '4.28', 'width_cm': '61.80'}"
1301,"Monitor LED ASUS VG279Q 27 "" 1920 x 1080 px IPS / PLS",Monitory komputerowe;Monitory,49.01,ASUS,8.2,"{'height_cm': '45.80', 'depth_cm': '5.00', 'width_cm': '70.00'}"
1302,"Monitor LED Acer VG270UP 27 "" 2560 x 1440 px IPS / PLS",Monitory komputerowe;Monitory,399.0,Acer,7.4,"{'height_cm': '36.61', 'depth_cm': '6.61', 'width_cm': '61.16'}"
1303,"Monitor LED LG Flatron E1911S-BN 18.5 "" 1366 x 768 px TN",Monitory komputerowe;Monitory,258.3,LG,4.28,"{'height_cm': '35.70', 'depth_cm': '6.10', 'width_cm': '44.20'}"
1304,"Monitor LED AOC 24P1 23.8 "" 1920 x 1080 px IPS / PLS",Monitory komputerowe;Monitory,59.0,AOC,6.55,"{'height_cm': '53.91', 'depth_cm': '20.25', 'width_cm': '51.89'}"
1305,"Monitor LED Acer Nitro VG220Q 21.5 "" 1920 x 1080 px IPS / PLS",Monitory komputerowe;Monitory,639.0,Acer,4.7,"{'height_cm': '29.50', 'depth_cm': '6.50', 'width_cm': '49.00'}"
1306,"Monitor LED BenQ SW240 24.1 "" 1920 x 1200 px IPS / PLS",Monitory komputerowe;Monitory,39.0,BenQ,9.6,"{'height_cm': '42.90', 'depth_cm': '3.10', 'width_cm': '55.50'}"
1307,"Monitor LED Acer Nitro VG240Ybmiix 23.8 "" 1920 x 1080 px IPS / PLS",Monitory komputerowe;Monitory,-649.0,Acer,4.04,"{'height_cm': '54.00', 'depth_cm': '24.00', 'width_cm': '41.20'}"
1308,"Monitor LED Philips 243V7QDAB/00 23.8 "" 1920 x 1080 px IPS / PLS",Monitory komputerowe;Monitory,748.99,Philips,4.82,"{'height_cm': '41.50', 'depth_cm': '20.90', 'width_cm': '54.00'}"
1309,"Monitor LED Dell E2016HV 19.5 "" TN",Monitory komputerowe;Monitory,519.0,Dell,4.11,"{'height_cm': '27.54', 'depth_cm': '5.15', 'width_cm': '47.15'}"
1310,"Monitor LED LG 34UM69G-B 34 "" 2560 x 1080 px IPS / PLS",Monitory komputerowe;Monitory,736.0,LG,11.86,"{'height_cm': '37.00', 'depth_cm': '4.10', 'width_cm': '82.80'}"
1311,"Monitor LED Philips 273V7QDAB/00 27 "" 1920 x 1080 px IPS / PLS",Monitory komputerowe;Monitory,799.0,Philips,5.94,"{'height_cm': '36.70', 'depth_cm': '4.50', 'width_cm': '61.20'}"
1312,"Monitor LED BenQ 9H.LF9LA.TBE 32 "" 3840 x 2160 px IPS / PLS",Monitory komputerowe;Monitory,219.38,BenQ,8.5,"{'height_cm': '49.17', 'depth_cm': '21.30', 'width_cm': '74.00'}"
1313,"Monitor LED BenQ 9H.LFALA.TBE 32 "" 2560 x 1440 px VA",Monitory komputerowe;Monitory,949.0,BenQ,8.5,"{'height_cm': '64.17', 'depth_cm': '21.30', 'width_cm': '74.00'}"
1314,"Monitor LED AOC M2470SWH 23.6 "" 1920 x 1080 px VA",Monitory komputerowe;Monitory,580.0,AOC,3.58,"{'height_cm': '40.00', 'depth_cm': '22.10', 'width_cm': '55.10'}"
1315,"Monitor LED BenQ 9H.LF7LA.TBE 27 "" 2560 x 1440 px IPS / PLS",Monitory komputerowe;Monitory,561.99,BenQ,6.9,"{'height_cm': '37.95', 'depth_cm': '24.00', 'width_cm': '64.10'}"
1316,"Monitor LED iiyama ProLite XUB2792QSU-B1 27 "" 2560 x 1440 px IPS / PLS",Monitory komputerowe;Monitory,247.0,iiyama,9.3,"{'height_cm': '39.70', 'depth_cm': '23.00', 'width_cm': '61.10'}"
1317,"Monitor LED Philips 223V5LHSB2 21.5 "" 1920 x 1080 px TN",Monitory komputerowe;Monitory,515.0,Philips,7.6,"{'height_cm': '31.60', 'depth_cm': '21.30', 'width_cm': '50.30'}"
1318,"Monitor LED Philips 223V5LSB 21.5 "" 1920 x 1080 px TN",Monitory komputerowe;Monitory,550.0,Philips,3.7199999999999998,"{'height_cm': '37.60', 'depth_cm': '21.30', 'width_cm': '50.30'}"
1319,"Monitor LED iiyama XUB2390HS-B1 23 "" 1920 x 1080 px IPS / PLS",Monitory komputerowe;Monitory,829.0,iiyama,7.52,"{'height_cm': '31.75', 'depth_cm': '4.40', 'width_cm': '53.30'}"
1320,"Monitor LED Philips 193V5LSB2/10 18.5 "" 1366 x 768 px TN",Monitory komputerowe;Monitory,458.0,Philips,2.7,"{'height_cm': '33.80', 'depth_cm': '17.00', 'width_cm': '43.70'}"
1321,"Monitor LED Philips 223V5LSB2/10 21.5 "" 1920 x 1080 px TN",Monitory komputerowe;Monitory,549.0,Philips,3.87,"{'height_cm': '31.60', 'depth_cm': '5.00', 'width_cm': '50.30'}"
1322,Myszka bezprzewodowa Marvo M729W sensor optyczny,Myszki;Bezprzewodowe,69.99,Marvo,225.0,{'color': 'czarny'}
1323,Myszka bezprzewodowa Defender Myszka Dla Graczy Gamingowa Trigger sensor optyczny,Myszki;Bezprzewodowe,59.0,Defender,0.29,{}
1324,Myszka bezprzewodowa Defender Myszka Dla Graczy Gamingowa GM-709L sensor optyczny,Myszki;Bezprzewodowe,68.99,Defender,0.9,{}
1325,Myszka bezprzewodowa Razer DeathAdder V2 X HyperSpeed sensor optyczny,Myszki;Bezprzewodowe,319.0,Razer,0.188,{'color': 'czarny'}
1326,Myszka bezprzewodowa Logitech inny sensor optyczny,Myszki;Bezprzewodowe,162.52,Logitech,91.0,{'color': 'czarny'}
1327,"Lenovo ThinkPad Bluetooth Silent MYSZ Black, Bluet",Myszki;Bezprzewodowe,116.99,Lenovo,0.25,{'color': 'inny'}
1328,Myszka bezprzewodowa Logitech MX Anywhere 2S sensor laserowy,Myszki;Bezprzewodowe,239.0,Logitech,0.25,{'color': 'czarny'}
1329,Myszka bezprzewodowa Razer Orochi V2 sensor optyczny,Myszki;Bezprzewodowe,269000000.0,Razer,0.17,{'color': 'czarny'}
1330,Myszka bezprzewodowa Razer Naga X sensor optyczny,Myszki;Bezprzewodowe,247.27,Razer,0.18,{'color': 'czarny'}
1331,Myszka bezprzewodowa iMICE E-1300 sensor laserowy,Myszki;Bezprzewodowe,44.89,iMICE,110.0,{'color': 'czarny'}
1332,Myszka bezprzewodowa Logitech G Pro X Superlight sensor optyczny,Myszki;Bezprzewodowe,531.0,Logitech,0.371,{'color': 'czarny'}
1333,Myszka bezprzewodowa Logitech 910-005872 sensor optyczny,Myszki;Bezprzewodowe,-189.0,Logitech,0.4,{'color': 'czarny'}
1334,Myszka bezprzewodowa Logitech Pebble M350 sensor optyczny,Myszki;Bezprzewodowe,79.0,Logitech,0.127,{'color': 'niebieski'}
1335,Myszka bezprzewodowa Razer DeathAdder V2 Pro sensor optyczny,Myszki;Bezprzewodowe,429.0,Razer,0.26,{'color': 'czarny'}
1336,Myszka bezprzewodowa Logitech Pebble M350 sensor optyczny,Myszki;Bezprzewodowe,89.0,Logitech,0.127,{'color': 'zielony'}
1337,Myszka bezprzewodowa Logitech M705 sensor optyczny,Myszki;Bezprzewodowe,169.0,Logitech,0.18,{'color': 'czarny'}
1338,Myszka bezprzewodowa Logitech MX Anywhere 3,Myszki;Bezprzewodowe,373.0,Logitech,0.24,{'color': 'srebrny'}
1339,Myszka bezprzewodowa Logitech MX Anywhere 3 sensor laserowy,Myszki;Bezprzewodowe,339.0,Logitech,0.24,{'color': 'szary'}
1340,Myszka bezprzewodowa Logitech MX Anywhere 3 sensor optyczny,Myszki;Bezprzewodowe,399.0,Logitech,0.24,{'color': 'czarny'}
1341,Myszka bezprzewodowa Logitech M190 sensor optyczny,Myszki;Bezprzewodowe,39.0,Logitech,0.14,{'color': 'wielokolorowy'}
1342,Myszka bezprzewodowa Logitech G305 Lightspeed sensor laserowy,Myszki;Bezprzewodowe,219.0,Logitech,0.92,{'color': 'czarny'}
1343,Myszka bezprzewodowa Logitech M190 sensor optyczny,Myszki;Bezprzewodowe,45.0,Logitech,0.13,{'color': 'czarny'}
1344,Myszka bezprzewodowa Logitech M190 sensor optyczny,Myszki;Bezprzewodowe,40.0,Logitech,0.15,{'color': 'czarny'}
1345,Myszka bezprzewodowa uGo PICO MW100 sensor optyczny,Myszki;Bezprzewodowe,-14.79,uGo,0.08,{'color': 'czarny'}
1346,Myszka bezprzewodowa Logitech MX Anywhere 3 sensor optyczny,Myszki;Bezprzewodowe,325.14,Logitech,0.24,{'color': 'różowy'}
1347,Myszka bezprzewodowa Natec Euphonie sensor optyczny,Myszki;Bezprzewodowe,132.5,Natec,0.0,{'color': 'czarny'}
1348,Myszka bezprzewodowa Xiaomi XMWS001TM sensor optyczny,Myszki;Bezprzewodowe,106.99,Xiaomi,0.12,{'color': 'srebrny'}
1349,Myszka bezprzewodowa Razer Basilisk Ultimate sensor optyczny,Myszki;Bezprzewodowe,558.99,Razer,0.43,{'color': 'czarny'}
1350,Myszka bezprzewodowa Dell MS5320W sensor optyczny,Myszki;Bezprzewodowe,153.57,Dell,0.9,{'color': 'szary'}
1351,Myszka bezprzewodowa Razer Viper Ultimate sensor optyczny,Myszki;Bezprzewodowe,399980000.0,Razer,0.39,{'color': 'czarny'}
1352,Myszka bezprzewodowa Media-Tech MT1120 sensor optyczny,Myszki;Bezprzewodowe,35.19,Media-Tech,0.09,{'color': 'czarny'}
1353,Myszka bezprzewodowa Logitech MX MASTER 3 Advanced sensor laserowy,Myszki;Bezprzewodowe,489.0,Logitech,0.32,{'color': 'czarny'}
1354,Myszka bezprzewodowa Logitech Pebble M350 sensor optyczny,Myszki;Bezprzewodowe,99.0,Logitech,0.1,{'color': 'różowy'}
1355,Myszka bezprzewodowa Logitech Pebble M350 sensor optyczny,Myszki;Bezprzewodowe,69.9,Logitech,0.13,{'color': 'biały'}
1356,Myszka bezprzewodowa Logitech Pebble M350 sensor optyczny,Myszki;Bezprzewodowe,-108.97,Logitech,0.126,{'color': 'czarny'}
1357,Myszka bezprzewodowa Esperanza Acrux sensor optyczny,Myszki;Bezprzewodowe,18.9,Esperanza,0.099,{'color': 'czarny'}
1358,Myszka bezprzewodowa Roccat Kone AIMO sensor optyczny,Myszki;Bezprzewodowe,299.0,Roccat,0.13,{'color': 'biały'}
1359,Myszka bezprzewodowa Logitech G604 sensor optyczny,Myszki;Bezprzewodowe,323.86,Logitech,0.26,{'color': 'czarny'}
1360,Myszka bezprzewodowa Logitech G703 Hero Lightspeed sensor optyczny,Myszki;Bezprzewodowe,358.0,Logitech,0.23,{'color': 'czarny'}
1361,Myszka bezprzewodowa Logitech MX Master 3 sensor laserowy,Myszki;Bezprzewodowe,489.0,Logitech,0.333,{'color': 'szary'}
1362,Myszka bezprzewodowa Logitech MX Master 3 sensor laserowy,Myszki;Bezprzewodowe,489.0,Logitech,0.334,{'color': 'szary'}
1363,Myszka bezprzewodowa Tracer Silencio sensor optyczny,Myszki;Bezprzewodowe,40.0,Tracer,0.1,{'color': 'czarny'}
1364,Myszka bezprzewodowa Logitech MX Master 3 sensor laserowy,Myszki;Bezprzewodowe,444.0,Logitech,0.224,{'color': 'czarny'}
1365,Myszka bezprzewodowa Microsoft KTF-00006 sensor optyczny,Myszki;Bezprzewodowe,129.15,Microsoft,0.16,{'color': 'czarny'}
1366,Myszka bezprzewodowa Logitech G600 sensor laserowy,Myszki;Bezprzewodowe,259.0,Logitech,300.0,{'color': 'czarny'}
1367,Myszka bezprzewodowa Logitech G305 sensor optyczny,Myszki;Bezprzewodowe,189.0,Logitech,0.157,{'color': 'biały'}
1368,Myszka bezprzewodowa Trust Verto sensor optyczny,Myszki;Bezprzewodowe,107.99,Trust,0.19,{'color': 'czarny'}
1369,Myszka bezprzewodowa Logitech Anywhere 2 sensor laserowy,Myszki;Bezprzewodowe,222.22,Logitech,0.182,{'color': 'czarny'}
1370,Myszka bezprzewodowa Logitech G502 Lightspeed sensor optyczny,Myszki;Bezprzewodowe,499.0,Logitech,0.39,{'color': 'czarny'}
1371,Myszka bezprzewodowa Logitech G305 sensor optyczny,Myszki;Bezprzewodowe,193.88,Logitech,0.182,{'color': 'czarny'}
1372,Myszka bezprzewodowa Logitech MX Master sensor laserowy,Myszki;Bezprzewodowe,298.0,Logitech,0.23,{'color': 'czarny'}
1373,Myszka bezprzewodowa Genesis ZIRCON 330 sensor optyczny,Myszki;Bezprzewodowe,109.0,Genesis,0.20400000000000001,{'color': 'czarny'}
1374,Myszka bezprzewodowa Logitech MX Vertical sensor optyczny,Myszki;Bezprzewodowe,449.0,Logitech,0.36,{'color': 'czarny'}
1375,Myszka bezprzewodowa Logitech G Pro sensor optyczny,Myszki;Bezprzewodowe,399.0,Logitech,0.371,{'color': 'czarny'}
1376,Myszka bezprzewodowa Natec Fury Stalker sensor optyczny,Myszki;Bezprzewodowe,-29.9,Natec,0.165,{'color': 'czarny'}
1377,Myszka bezprzewodowa Logitech M185 sensor optyczny,Myszki;Bezprzewodowe,51.0,Logitech,0.167,{'color': 'szary'}
1378,Myszka bezprzewodowa Trust yvi fx sensor optyczny,Myszki;Bezprzewodowe,44.99,Trust,0.131,{'color': 'różowy'}
1379,Myszka bezprzewodowa Lenovo 4X30M56887 sensor optyczny,Myszki;Bezprzewodowe,89.0,Lenovo,0.14,{'color': 'czarny'}
1380,Myszka bezprzewodowa Logitech MX Master sensor laserowy,Myszki;Bezprzewodowe,316.73,Logitech,0.23500000000000001,{'color': 'czarny'}
1381,Myszka bezprzewodowa Logitech MX Ergo sensor optyczny,Myszki;Bezprzewodowe,364.99,Logitech,0.33,{'color': 'czarny'}
1382,Myszka bezprzewodowa Logitech M100 sensor optyczny,Myszki;Bezprzewodowe,42.99,Logitech,0.148,{'color': 'szary'}
1383,Myszka bezprzewodowa Logitech G603 sensor optyczny,Myszki;Bezprzewodowe,229.0,Logitech,0.266,{'color': 'czarny'}
1384,Myszka bezprzewodowa Logitech MX Anywhere 2S sensor laserowy,Myszki;Bezprzewodowe,324.29,Logitech,0.25,{'color': 'biały'}
1385,Myszka bezprzewodowa Logitech MX Master 2S sensor laserowy,Myszki;Bezprzewodowe,349.0,Logitech,0.28600000000000003,{'color': 'szary'}
1386,Myszka bezprzewodowa Logitech M170 sensor optyczny,Myszki;Bezprzewodowe,45.0,Logitech,0.1,{'color': 'czarny'}
1387,Myszka bezprzewodowa uGo UMY-1077 sensor optyczny,Myszki;Bezprzewodowe,18.65,uGo,0.1,{'color': 'czarny'}
1388,Myszka bezprzewodowa Natec NMY-1071 sensor optyczny,Myszki;Bezprzewodowe,-63.98,Natec,0.13,{'color': 'szary'}
1389,Myszka bezprzewodowa A4Tech V-Track G7-600NX,Myszki;Bezprzewodowe,44.12,A4Tech,0.18,{'color': 'czarny'}
1390,Myszka bezprzewodowa Modecom MC-WM10S sensor optyczny,Myszki;Bezprzewodowe,49000000.0,Modecom,0.105,{'color': 'czarny'}
1391,Myszka bezprzewodowa Logitech M590 sensor optyczny,Myszki;Bezprzewodowe,179.89,Logitech,0.08,{'color': 'szary'}
1392,Myszka bezprzewodowa Logitech M590 sensor optyczny,Myszki;Bezprzewodowe,177.99,Logitech,0.101,{'color': 'czarny'}
1393,Myszka bezprzewodowa Logitech M510 sensor optyczny,Myszki;Bezprzewodowe,179.99,Logitech,0.26,{'color': 'czarny'}
1394,Myszka bezprzewodowa Logitech ×MX Anywhere 2S Grafitowy sensor laserowy,Myszki;Bezprzewodowe,539000000.0,Logitech,0.106,{'color': 'szary'}
1395,Myszka bezprzewodowa Logitech B170 sensor optyczny,Myszki;Bezprzewodowe,40.0,Logitech,0.1,{'color': 'czarny'}
1396,Myszka bezprzewodowa HP 200 sensor optyczny,Myszki;Bezprzewodowe,56.99,HP,0.13,{'color': 'czarny'}
1397,Myszka bezprzewodowa Logitech M280 sensor optyczny,Myszki;Bezprzewodowe,58650000.0,Logitech,0.14,{'color': 'czarny'}
1398,Myszka bezprzewodowa Logitech M720 Triathlon sensor optyczny,Myszki;Bezprzewodowe,196.99,Logitech,0.18,{'color': 'czarny'}
1399,Myszka bezprzewodowa Esperanza Uranus sensor optyczny,Myszki;Bezprzewodowe,16.49,Esperanza,0.06,{'color': 'czarny'}
1400,Myszka bezprzewodowa Esperanza XM105K sensor optyczny,Myszki;Bezprzewodowe,12.25,Esperanza,0.06,{'color': 'czarny'}
1401,Myszka bezprzewodowa Esperanza Saturn sensor optyczny,Myszki;Bezprzewodowe,23.39,Esperanza,0.099,{'color': 'czarny'}
1402,Myszka bezprzewodowa Modecom WRM1 sensor optyczny,Myszki;Bezprzewodowe,59.0,Modecom,0.147,{'color': 'czarny'}
1403,Myszka bezprzewodowa Logitech M330 Silent Plus sensor optyczny,Myszki;Bezprzewodowe,129.0,Logitech,0.125,{'color': 'niebieski'}
1404,Myszka bezprzewodowa Logitech M330 Silent Plus sensor optyczny,Myszki;Bezprzewodowe,169.0,Logitech,0.125,{'color': 'czarny'}
1405,Myszka bezprzewodowa Esperanza XM104K MAVERICK sensor optyczny,Myszki;Bezprzewodowe,14.5,Esperanza,0.065,{'color': 'czarny'}
1406,Myszka bezprzewodowa Logitech M185 sensor optyczny,Myszki;Bezprzewodowe,48.5,Logitech,0.14300000000000002,{'color': 'czarny'}
1407,Myszka bezprzewodowa Logitech M220 Silent Mouse Czarny 910-004878 sensor optyczny,Myszki;Bezprzewodowe,79.0,Logitech,0.125,{'color': 'czarny'}
1408,Myszka bezprzewodowa Microsoft 1850 Light Orchid U7Z-00023 sensor optyczny,Myszki;Bezprzewodowe,54.99,Microsoft,0.181,{'color': 'różowy'}
1409,Myszka bezprzewodowa Logitech M220 Silent sensor optyczny,Myszki;Bezprzewodowe,89.99,Logitech,0.125,{'color': 'czerwony'}
1410,Myszka bezprzewodowa Microsoft Sculpt Comfort Mouse H3S-00001 sensor BlueTrack,Myszki;Bezprzewodowe,149890000.0,Microsoft,0.32,{'color': 'czarny'}
1411,Myszka bezprzewodowa Logitech M171 sensor optyczny,Myszki;Bezprzewodowe,47.08,Logitech,0.12,{'color': 'czarny'}
1412,Myszka bezprzewodowa Logitech M171 sensor optyczny,Myszki;Bezprzewodowe,65.99,Logitech,0.12,{'color': 'niebieski'}
1413,Myszka bezprzewodowa Logitech M171 sensor optyczny,Myszki;Bezprzewodowe,49.99,Logitech,0.12,{'color': 'czarny'}
1414,Myszka bezprzewodowa Logitech M185 sensor optyczny,Myszki;Bezprzewodowe,49.9,Logitech,0.121,{'color': 'niebieski'}
1415,Myszka bezprzewodowa Tracer Battle Heroes Airman sensor optyczny,Myszki;Bezprzewodowe,20.0,Tracer,0.16,{'color': 'czarny'}
1416,Myszka bezprzewodowa Tracer Flipper sensor optyczny,Myszki;Bezprzewodowe,62.0,Tracer,0.241,{'color': 'czarny'}
1417,Myszka bezprzewodowa Logitech M187 sensor optyczny,Myszki;Bezprzewodowe,49.0,Logitech,51.9,{'color': 'wielokolorowy'}
1418,Myszka bezprzewodowa Logitech M325 sensor optyczny,Myszki;Bezprzewodowe,119.99,Logitech,0.186,{'color': 'czarny'}
1419,Myszka bezprzewodowa Logitech M185 sensor optyczny,Myszki;Bezprzewodowe,59.0,Logitech,0.14200000000000002,{'color': 'czarny'}
1420,Myszka bezprzewodowa Logitech M185 sensor optyczny,Myszki;Bezprzewodowe,40.69,Logitech,0.14100000000000001,{'color': 'czarny'}
1421,Myszka bezprzewodowa Logitech M325 sensor optyczny,Myszki;Bezprzewodowe,64.9,Logitech,0.215,{'color': 'czarny'}
1422,Myszka bezprzewodowa Logitech M235 sensor optyczny,Myszki;Bezprzewodowe,74.9,Logitech,0.18,{'color': 'czarny'}
1423,Myszka bezprzewodowa Logitech M705 Marathon sensor laserowy,Myszki;Bezprzewodowe,149.0,Logitech,0.212,{'color': 'czarny'}
1424,Myszka bezprzewodowa Asus WT465 V2 sensor optyczny,Myszki;Bezprzewodowe,48.99,Asus,0.07,{'color': 'biały'}
1425,Myszka bezprzewodowa Microsoft Mobile Mouse 3600 sensor BlueTrack,Myszki;Bezprzewodowe,129.0,Microsoft,0.21,{'color': 'czarny'}
1426,Myszka bezprzewodowa Microsoft Mobile Mouse 1850 sensor optyczny,Myszki;Bezprzewodowe,-54.0,Microsoft,0.18,{'color': 'czarny'}
1427,Myszka bezprzewodowa Microsoft Sculpt Ergonomic Mouse sensor laserowy,Myszki;Bezprzewodowe,206.53,Microsoft,0.4,{'color': 'czarny'}
1428,Myszka bezprzewodowa Microsoft Mobile Mouse 4000 sensor BlueTrack,Myszki;Bezprzewodowe,109.0,Microsoft,0.26,{'color': 'czarny'}
1429,Myszka bezprzewodowa Asus WT465 sensor optyczny,Myszki;Bezprzewodowe,49.0,Asus,0.07,{'color': 'czarny'}
1430,Myszka bezprzewodowa Natec Blackbird sensor optyczny,Myszki;Bezprzewodowe,35.95,Natec,0.12,{'color': 'czarny'}
1431,Myszka bezprzewodowa A4Tech G9-500F-1 sensor optyczny,Myszki;Bezprzewodowe,60.9,A4Tech,0.185,{'color': 'czarny'}
1432,Myszka przewodowa Defender Myszka Dla Graczy Gamingowa Shepard GM-620L sensor optyczny,Myszki;Przewodowe,-69.0,Defender,0.17,{'color': 'czarny'}
1433,Myszka przewodowa Defender Myszka Dla Graczy GM-928 sensor optyczny,Myszki;Przewodowe,44.0,Defender,0.22,{'color': 'czarny'}
1434,Myszka przewodowa Fury Battler sensor optyczny,Myszki;Przewodowe,45.0,Fury,0.1,{'color': 'czarny'}
1435,Myszka przewodowa Logitech 910-005823 sensor optyczny,Myszki;Przewodowe,140.99,Logitech,0.161,{'color': 'czarny'}
1436,Myszka przewodowa Modecom Volcano Shinobi 3327 sensor optyczny,Myszki;Przewodowe,103.0,Modecom,0.1,{'color': 'czarny'}
1437,Myszka przewodowa Razer Basilisk X Hyperspeed sensor optyczny,Myszki;Przewodowe,199.0,Razer,0.2,{'color': 'czarny'}
1438,Myszka przewodowa Roccat Kone Aimo sensor optyczny,Myszki;Przewodowe,277.0,Roccat,0.13,{'color': 'czarny'}
1439,Myszka przewodowa Logitech B110 Silent sensor optyczny,Myszki;Przewodowe,41.94,Logitech,0.12,{'color': 'czarny'}
1440,Myszka przewodowa Razer DeathAdder Essential sensor optyczny,Myszki;Przewodowe,112.0,Razer,0.213,{'color': 'czarny'}
1441,Myszka przewodowa Logitech G402 Hyperion Fury sensor laserowy,Myszki;Przewodowe,249.0,Logitech,0.30000000000000004,{'color': 'czarny'}
1442,Myszka przewodowa Genesis Xenon 770 sensor optyczny,Myszki;Przewodowe,159000000.0,Genesis,0.26,{'color': 'czarny'}
1443,Myszka przewodowa MODECOM Volcano GMX Silent Assassin sensor optyczny,Myszki;Przewodowe,149.0,Modecom,0.18,{'color': 'czarny'}
1444,Myszka przewodowa Razer Naga Trinity sensor optyczny,Myszki;Przewodowe,299.0,Razer,0.32,{'color': 'czarny'}
1445,Myszka przewodowa A4Tech X-Game X-7120 sensor optyczny,Myszki;Przewodowe,84.95,A4Tech,0.4,{'color': 'czarny'}
1446,Myszka przewodowa SteelSeries RIVAL 600 sensor optyczny,Myszki;Przewodowe,349.0,SteelSeries,0.37,{'color': 'czarny'}
1447,Myszka przewodowa Genesis KRYPTON 110 sensor optyczny,Myszki;Przewodowe,44.99,Genesis,0.23,{'color': 'czarny'}
1448,Myszka przewodowa Genesis Xenon 200 sensor optyczny,Myszki;Przewodowe,89.9,Genesis,0.22,{'color': 'czarny'}
1449,Myszka przewodowa Dell 570-AAIP sensor optyczny,Myszki;Przewodowe,31.42,Dell,0.121,{'color': 'biały'}
1450,Myszka przewodowa Natec Ruff sensor optyczny,Myszki;Przewodowe,9500000.0,Natec,0.1,{'color': 'czarny'}
1451,Myszka przewodowa Esperanza MX201 WOLF ZIELONA sensor optyczny,Myszki;Przewodowe,25.0,Esperanza,0.183,{'color': 'czarny'}
1452,Myszka przewodowa Esperanza MX211 LIGHTNING sensor optyczny,Myszki;Przewodowe,16.87,Esperanza,0.183,{'color': 'czarny'}
1453,Myszka przewodowa A4Tech EVO XGame X710 Extra Fire sensor optyczny,Myszki;Przewodowe,79.9,A4Tech,0.326,{'color': 'czarny'}
1454,Myszka przewodowa A4Tech Blazing A90 sensor optyczny,Myszki;Przewodowe,99.0,A4Tech,0.30000000000000004,{'color': 'czarny'}
1455,Myszka przewodowa Esperanza XM110K BUNGEE sensor optyczny,Myszki;Przewodowe,6910000.0,Esperanza,0.08,{'color': 'czarny'}
1456,Myszka przewodowa Tracer Scorpius sensor optyczny,Myszki;Przewodowe,29.0,Tracer,0.18,{'color': 'czarny'}
1457,Myszka przewodowa A4Tech V7m sensor optyczny,Myszki;Przewodowe,67.99,A4Tech,0.36,{'color': 'czarny'}
1458,Myszka przewodowa A4Tech V8m sensor optyczny,Myszki;Przewodowe,79.92,A4Tech,0.36,{'color': 'czarny'}
1459,Myszka przewodowa A4Tech XGame X748 Extra Fire sensor optyczny,Myszki;Przewodowe,85.43,A4Tech,0.34500000000000003,{'color': 'czarny'}
1460,Myszka przewodowa A4Tech Blazing A70 sensor optyczny,Myszki;Przewodowe,129.99,A4Tech,0.31,{'color': 'czarny'}
1461,Myszka przewodowa A4Tech Blazing A60 sensor optyczny,Myszki;Przewodowe,98.96,A4Tech,0.30000000000000004,{'color': 'czarny'}
1462,Myszka przewodowa Logitech B100 sensor optyczny,Myszki;Przewodowe,23.2,Logitech,0.12,{'color': 'czarny'}
1463,Myszka przewodowa Logitech M90 sensor optyczny,Myszki;Przewodowe,27.9,Logitech,0.12,{'color': 'czarny'}
1464,Myszka przewodowa Logitech M100 sensor optyczny,Myszki;Przewodowe,35.0,Logitech,0.189,{'color': 'czarny'}
1465,Pendrive Kingston DataTraveler Kyson DTKN/256GB 256 GB,Pamięci przenośne;Pendrive,179.99,Kingston,0.014,{'color': 'srebrny'}
1466,Pendrive Kingston DataTraveler Kyson DTKN/32GB 32 GB,Pamięci przenośne;Pendrive,26.8,Kingston,0.014,{'color': 'srebrny'}
1467,Pendrive Kingston Kyson DTKN/64GB 64 GB,Pamięci przenośne;Pendrive,43.99,Kingston,0.014,{'color': 'srebrny'}
1468,Pendrive Kingston DT Kyson DTKN/128GB 128 GB,Pamięci przenośne;Pendrive,71.4,Kingston,0.014,{'color': 'srebrny'}
1469,Pendrive Samsung BAR Plus SGSAM3G64PLTIT1 64 GB,Pamięci przenośne;Pendrive,68.09,Samsung,0.03,{'color': 'czarny'}
1470,Pendrive Samsung BAR Plus MUF-256BE3/APC 256 GB,Pamięci przenośne;Pendrive,159.99,Samsung,0.024,{'color': 'srebrny'}
1471,Pendrive Samsung BAR Plus MUF-128BE3/APC 128 GB,Pamięci przenośne;Pendrive,111.13,Samsung,0.022,{'color': 'srebrny'}
1472,Pendrive SanDisk Ultra Dual Drive Luxe SDDDC4-512G-G46 512 GB,Pamięci przenośne;Pendrive,390.0,SanDisk,0.024,{'color': 'srebrny'}
1473,Pendrive GOODRAM UME2-0640Y0R11 64 GB,Pamięci przenośne;Pendrive,19.9,GOODRAM,0.02,{'color': 'żółty'}
1474,Pendrive GOODRAM UME2-0320Y0R11 32 GB,Pamięci przenośne;Pendrive,14600000.0,GOODRAM,0.01,{'color': 'żółty'}
1475,Pendrive GOODRAM UME2-0320W0R11 32 GB,Pamięci przenośne;Pendrive,13.95,GOODRAM,0.01,{'color': 'biały'}
1476,Pendrive GOODRAM UME3 UME3-0640K0R11 64 GB,Pamięci przenośne;Pendrive,25.8,GOODRAM,0.02,{'color': 'czarny'}
1477,Pendrive GOODRAM UME2-0160W0R11 16 GB,Pamięci przenośne;Pendrive,15.99,GOODRAM,0.01,{'color': 'biały'}
1478,Pendrive GOODRAM UME2-0160Y0R11 16 GB,Pamięci przenośne;Pendrive,12.99,GOODRAM,0.01,{'color': 'żółty'}
1479,Pendrive SanDisk Ultra Luxe SDCZ74-064G-G46 64 GB,Pamięci przenośne;Pendrive,51.99,SanDisk,0.0,{'color': 'srebrny'}
1480,Pendrive PNY Attache 4 FD256ATT431KK-EF 256 GB,Pamięci przenośne;Pendrive,89.16,PNY,0.015,{'color': 'czarny'}
1481,Pendrive SanDisk Ultra Luxe SDCZ74-032G-G46 32 GB,Pamięci przenośne;Pendrive,36.99,SanDisk,0.0,{'color': 'srebrny'}
1482,Pendrive SanDisk Extreme Pro SDCZ880-256G-G46 256 GB,Pamięci przenośne;Pendrive,335.0,SanDisk,0.06,{'color': 'czarny'}
1483,Pendrive SanDisk Ultra Luxe SDCZ74-256G-G46 256 GB,Pamięci przenośne;Pendrive,161.99,SanDisk,0.0,{'color': 'srebrny'}
1484,Pendrive SanDisk ULTRA DUAL DRIVE m3.0 256GB 150MB/s SDDD3-256G-G46 256 GB,Pamięci przenośne;Pendrive,159.0,SanDisk,0.0,{'color': 'bezbarwny'}
1485,Pendrive ADATA AUV350-64G-RBK 64 GB,Pamięci przenośne;Pendrive,51.99,ADATA,0.02,{'color': 'srebrny'}
1486,Pendrive Kingston Data Traveler 2000 4GB USB 3.1 80/12 MB/s DT2000/4GB 4 GB,Pamięci przenośne;Pendrive,336.05,Kingston,0.057,{'color': 'niebieski'}
1487,Pendrive SanDisk Pendrive Cruzer Spark 128GB SDCZ61-128G-G35 128 GB,Pamięci przenośne;Pendrive,65.9,SanDisk,0.008,{'color': 'czarny'}
1488,Pendrive SanDisk Cruzer Fit SDCZ33-016G-G35 16 GB,Pamięci przenośne;Pendrive,25.37,SanDisk,0.008,{'color': 'czarny'}
1489,Pendrive SanDisk Pendrive Cruzer Fit 32GB SDCZ33-032G-G35 32 GB,Pamięci przenośne;Pendrive,29.99,SanDisk,0.0,{'color': 'czarny'}
1490,Pendrive SanDisk ULTRA FIT USB 3.1 16GB 130MB/s SDCZ430-016G-G46 16 GB,Pamięci przenośne;Pendrive,24.42,SanDisk,0.0,{'color': 'czarny'}
1491,Pendrive SanDisk Ultra Dual Drive SDDDC2-256G-G46 256 GB,Pamięci przenośne;Pendrive,158.98,SanDisk,0.009000000000000001,{'color': 'czarny'}
1492,Pendrive SanDisk ULTRA FIT USB 3.1 64GB 130MB/s SDCZ430-064G-G46 64 GB,Pamięci przenośne;Pendrive,40.0,SanDisk,0.0,{'color': 'czarny'}
1493,Pendrive SanDisk Pendrive Ultra Trek USB 3.0 128GB 130MB/s SDCZ490-128G-G46 128 GB,Pamięci przenośne;Pendrive,103.39,SanDisk,0.0,{'color': 'czarny'}
1494,Pendrive SanDisk Pendrive Ultra Trek USB 3.0 64GB 130MB/s SDCZ490-064G-G46 64 GB,Pamięci przenośne;Pendrive,59770000.0,SanDisk,0.0,{'color': 'czarny'}
1495,Pendrive ADATA Pendrive UV350 32GB USB3.1 Metallic AUV350-32G-RBK 32 GB,Pamięci przenośne;Pendrive,74.99,ADATA,0.006,{'color': 'srebrny'}
1496,Pendrive Sandisk pamięć Cruzer Blade 128GB USB2.0 SDCZ50-128G-B35 128 GB,Pamięci przenośne;Pendrive,54.99,SanDisk,0.012,{'color': 'czarny'}
1497,Pendrive Kingston DTLPG3/16GB 16 GB,Pamięci przenośne;Pendrive,119.9,Kingston,0.04,{'color': 'srebrny'}
1498,Pendrive GOODRAM Brak UPI2-0160K0R11 16 GB,Pamięci przenośne;Pendrive,17.78,GOODRAM,0.01,{'color': 'czarny'}
1499,Pendrive ADATA Brak AUV150-32G-RRD 32 GB,Pamięci przenośne;Pendrive,26.85,ADATA,0.018000000000000002,{'color': 'czerwony'}
1500,Pendrive GOODRAM 16GB USB 2.0 UUN2-0160S0R11 16 GB,Pamięci przenośne;Pendrive,18.8,GOODRAM,0.017,{'color': 'srebrny'}
1501,Pendrive SanDisk Cruzer Blade SDCZ50-032G-B35 32 GB,Pamięci przenośne;Pendrive,22.99,SanDisk,0.009000000000000001,{'color': 'czarny'}
1502,Pendrive SanDisk ULTRA FLAIR SDCZ73-064G-G46 64 GB,Pamięci przenośne;Pendrive,40.0,SanDisk,0.001,{'color': 'srebrny'}
1503,Pendrive ADATA UV150 AUV150-32G-RBK 32 GB,Pamięci przenośne;Pendrive,23.75,ADATA,0.018000000000000002,{'color': 'czarny'}
1504,Pendrive GOODRAM UTS3-0160R0R11 16 GB,Pamięci przenośne;Pendrive,68.0,GOODRAM,0.022,{'color': 'czerwony'}
1505,Pendrive SanDisk Ultra DualDrive SDDD3-064G-G46 64 GB,Pamięci przenośne;Pendrive,44.97,SanDisk,0.015,{'color': 'srebrny'}
1506,Pendrive GOODRAM Pamięć USB UTS3 8GB USB 3.0 Czarna UTS3-0080K0R11 8 GB,Pamięci przenośne;Pendrive,17.6,GOODRAM,0.024,{'color': 'czarny'}
1507,Pendrive GOODRAM UCO2-0320KWR11 32 GB,Pamięci przenośne;Pendrive,14.74,GOODRAM,0.016,{'color': 'biały'}
1508,Pendrive GOODRAM UTS3 UTS3-0320K0R11 32 GB,Pamięci przenośne;Pendrive,18.3,GOODRAM,0.016,{'color': 'czarny'}
1509,Pendrive Kingston DataTraveler microDuo 3C DTDUO3C/64GB 64 GB,Pamięci przenośne;Pendrive,60.64,Kingston,0.02,{'color': 'czarny'}
1510,Pendrive GOODRAM Pamięć USB UTS3 16GB USB 3.0 Czarna UTS3-0160K0R11 16 GB,Pamięci przenośne;Pendrive,46.0,GOODRAM,0.024,{'color': 'czarny'}
1511,Pendrive SanDisk Cruzer Force SDCZ71-032G-B35 32 GB,Pamięci przenośne;Pendrive,24990000.0,SanDisk,0.013000000000000001,{'color': 'srebrny'}
1512,Pendrive GOODRAM Wilk Elektronik S.A. UTS3-0640K0R11 64 GB,Pamięci przenośne;Pendrive,28.99,GOODRAM,0.025,{'color': 'czarny'}
1513,Pendrive SanDisk SDDD3-128G-G46 128 GB,Pamięci przenośne;Pendrive,69.99,SanDisk,0.015,{'color': 'srebrny'}
1514,Pendrive SanDisk Ultra SDCZ48-128G-U46 128 GB,Pamięci przenośne;Pendrive,54.99,SanDisk,0.023,{'color': 'czarny'}
1515,Pendrive GOODRAM Brak UTS2-0640K0R11 64 GB,Pamięci przenośne;Pendrive,23.35,GOODRAM,0.023,{'color': 'czarny'}
1516,Pendrive SanDisk ULTRA FLAIR SDCZ73-032G-G46 32 GB,Pamięci przenośne;Pendrive,33.9,SanDisk,0.001,{'color': 'srebrny'}
1517,Pendrive SanDisk Ultra SDCZ48-256G-U46 256 GB,Pamięci przenośne;Pendrive,107.43,SanDisk,0.02,{'color': 'czarny'}
1518,Pendrive ADATA AUV150-64G-RBK 64 GB,Pamięci przenośne;Pendrive,31.99,ADATA,0.019,{'color': 'czarny'}
1519,Pendrive Kingston DTLPG3/32GB 32 GB,Pamięci przenośne;Pendrive,159.49,Kingston,0.04,{'color': 'srebrny'}
1520,Pendrive SanDisk Cruzer BLADE 16GB SDCZ50-016G-B35 16 GB,Pamięci przenośne;Pendrive,20.0,SanDisk,0.012,{'color': 'czarny'}
1521,Pendrive ADATA AUV150-128G-RBK 128 GB,Pamięci przenośne;Pendrive,64.95,ADATA,0.02,{'color': 'czarny'}
1522,Pendrive ADATA UV150 AUV150-64G-RRD 64 GB,Pamięci przenośne;Pendrive,49.5,ADATA,0.019,{'color': 'czerwony'}
1523,Pendrive GOODRAM UTS2 UTS2-0320K0R11 32 GB,Pamięci przenośne;Pendrive,14.38,GOODRAM,0.02,{'color': 'czarny'}
1524,Pendrive SanDisk Ultra SDCZ48-064G-U46 64 GB,Pamięci przenośne;Pendrive,-34.8,SanDisk,0.025,{'color': 'czarny'}
1525,Pendrive ADATA AUV128-64G-RBE 64 GB,Pamięci przenośne;Pendrive,28.41,ADATA,0.018000000000000002,{'color': 'czarny'}
1526,Pendrive ADATA AUV131-32G-RGY 32 GB,Pamięci przenośne;Pendrive,29.0,ADATA,0.018000000000000002,{'color': 'szary'}
1527,Pendrive ADATA UV131 AUV131-64G-RGY 64 GB,Pamięci przenośne;Pendrive,30.2,ADATA,0.018000000000000002,{'color': 'szary'}
1528,Pendrive GOODRAM UCL-3 UCL3-0320K0R11 32 GB,Pamięci przenośne;Pendrive,20.0,GOODRAM,0.02,{'color': 'czarny'}
1529,Pendrive SanDisk SDCZ73-016G-G46 16 GB,Pamięci przenośne;Pendrive,28.99,SanDisk,0.001,{'color': 'srebrny'}
1530,Pendrive SanDisk Ultra Flair SDCZ73-128G-G46 128 GB,Pamięci przenośne;Pendrive,65.7,SanDisk,0.001,{'color': 'srebrny'}
1531,Pendrive PNY Attaché 4 2.0 128GB FD128ATT4-EF 128 GB,Pamięci przenośne;Pendrive,42990000.0,PNY,0.015,{'color': 'czarny'}
1532,Pendrive GOODRAM Pamięć USB UPO3 16GB USB 3.0 Srebrna UPO3-0160S0R11 16 GB,Pamięci przenośne;Pendrive,-29.0,GOODRAM,0.02,{'color': 'srebrny'}
1533,Pendrive GOODRAM Pamięć USB UCL3 128GB USB 3.0 Czarna UCL3-1280K0R11 128 GB,Pamięci przenośne;Pendrive,57.66,GOODRAM,0.02,{'color': 'czarny'}
1534,Pendrive SanDisk SDDD3-032G-G46 32 GB,Pamięci przenośne;Pendrive,25.99,SanDisk,0.015,{'color': 'srebrny'}
1535,Pendrive Kingston DataTraveler 100 G3 DT100G3/128GB 128 GB,Pamięci przenośne;Pendrive,58.99,Kingston,0.025,{'color': 'czarny'}
1536,Pendrive Kingston 100 G3 DT100G3/64GB 64 GB,Pamięci przenośne;Pendrive,25.99,Kingston,0.02,{'color': 'czarny'}
1537,Pendrive Kingston 100 G3 DT100G3/32GB 32 GB,Pamięci przenośne;Pendrive,19.94,Kingston,0.02,{'color': 'czarny'}
1538,Pamięć RAM Goodram DDR4 32 GB 3200,Podzespoły komputerowe;Pamięć RAM,589.0,Goodram,0.15,{'color': 'czarny'}
1539,Pamięć RAM Kingston DDR4 32 GB 3600,Podzespoły komputerowe;Pamięć RAM,788.4,Kingston,0.052000000000000005,{}
1540,Pamięć RAM Kingston DDR4 32 GB 3200,Podzespoły komputerowe;Pamięć RAM,689.0,Kingston,0.052000000000000005,{}
1541,Pamięć RAM Kingston DDR4 8 GB 3200,Podzespoły komputerowe;Pamięć RAM,175.0,Kingston,0.058,{'color': 'zielony'}
1542,Pamięć RAM Kingston DDR4 8 GB 2666,Podzespoły komputerowe;Pamięć RAM,179.0,Kingston,0.052000000000000005,{'color': 'czarny'}
1543,Pamięć RAM Kingston DDR4 8 GB 3200,Podzespoły komputerowe;Pamięć RAM,158.0,Kingston,0.052000000000000005,{'color': 'zielony'}
1544,Pamięć RAM Patriot DDR4 64 GB 3200,Podzespoły komputerowe;Pamięć RAM,299.8,Patriot,0.091,{}
1545,Pamięć RAM Goodram DDR4 8 GB 3200,Podzespoły komputerowe;Pamięć RAM,295.55,Goodram,0.025,{'color': 'czarny'}
1546,Pamięć RAM Goodram DDR4 16 GB 3600,Podzespoły komputerowe;Pamięć RAM,278.99,Goodram,0.029,{'color': 'czarny'}
1547,Pamięć RAM Corsair DDR4 32 GB 3600,Podzespoły komputerowe;Pamięć RAM,789.13,Corsair,0.029,{'color': 'czarny'}
1548,Pamięć RAM Patriot DDR4 16 GB 3600,Podzespoły komputerowe;Pamięć RAM,379.0,Patriot,0.15,{'color': 'szary'}
1549,Pamięć RAM Patriot DDR4 32 GB 2666,Podzespoły komputerowe;Pamięć RAM,599.0,Patriot,0.09,{}
1550,Pamięć RAM CRUCIAL DDR4 16 GB 3200,Podzespoły komputerowe;Pamięć RAM,347.9,CRUCIAL,0.12,{}
1551,Pamięć RAM G.SKILL DDR4 32 GB 3600,Podzespoły komputerowe;Pamięć RAM,869.0,G.SKILL,0.13,{'color': 'czarny'}
1552,Pamięć RAM Patriot DDR4 8 GB 3200,Podzespoły komputerowe;Pamięć RAM,218.99,Patriot,0.15,{'color': 'czarny'}
1553,Pamięć RAM Patriot DDR4 16 GB 3733,Podzespoły komputerowe;Pamięć RAM,381.81,Patriot,0.162,{}
1554,Pamięć RAM Patriot DDR4 16 GB 3600,Podzespoły komputerowe;Pamięć RAM,412.99,Patriot,0.162,{}
1555,Pamięć RAM Samsung DDR3 8 GB 1600,Podzespoły komputerowe;Pamięć RAM,139.0,Samsung,0.01,{}
1556,Pamięć RAM G.SKILL DDR4 32 GB 3200,Podzespoły komputerowe;Pamięć RAM,853.12,G.SKILL,0.189,{}
1557,Pamięć RAM Patriot DDR4 16 GB 3200,Podzespoły komputerowe;Pamięć RAM,325.0,Patriot,0.15,{'color': 'czarny'}
1558,Pamięć RAM Patriot DDR4 16 GB 4400,Podzespoły komputerowe;Pamięć RAM,518.69,Patriot,0.162,{'color': 'czarny'}
1559,Pamięć RAM Patriot DDR4 16 GB 3000,Podzespoły komputerowe;Pamięć RAM,359.0,Patriot,0.11800000000000001,{'color': 'czarny'}
1560,Pamięć RAM Patriot DDR4 16 GB 3200,Podzespoły komputerowe;Pamięć RAM,325290000.0,Patriot,0.162,{'color': 'czarny'}
1561,Pamięć RAM Patriot DDR4 8 GB 3000,Podzespoły komputerowe;Pamięć RAM,183.99,Patriot,0.114,{'color': 'czarny'}
1562,Pamięć RAM G.SKILL DDR4 16 GB 3200,Podzespoły komputerowe;Pamięć RAM,371.97,G.SKILL,0.029,{'color': 'czarny'}
1563,Pamięć RAM Corsair DDR4 16 GB 3000,Podzespoły komputerowe;Pamięć RAM,373.46,Corsair,0.105,{'color': 'czarny'}
1564,Pamięć RAM Patriot DDR4 16 GB 3200,Podzespoły komputerowe;Pamięć RAM,299.0,Patriot,0.15,{'color': 'czerwony'}
1565,Pamięć RAM G.SKILL DDR4 8 GB 3000,Podzespoły komputerowe;Pamięć RAM,173.99,G.SKILL,0.035,{'color': 'czarny'}
1566,Pamięć RAM Goodram DDR4 4 GB 2666,Podzespoły komputerowe;Pamięć RAM,99.0,Goodram,0.02,{}
1567,Pamięć RAM Patriot DDR4 32 GB 3200,Podzespoły komputerowe;Pamięć RAM,589000000.0,Patriot,0.15,{'color': 'czerwony'}
1568,Pamięć RAM Apacer DDR4 8 GB 2400,Podzespoły komputerowe;Pamięć RAM,172.9,Apacer,0.2,{}
1569,Pamięć RAM Patriot DDR4 16 GB 3200,Podzespoły komputerowe;Pamięć RAM,432.99,Patriot,0.179,{'color': 'czarny'}
1570,Pamięć RAM G.SKILL DDR4 32 GB 3000,Podzespoły komputerowe;Pamięć RAM,579.43,G.SKILL,0.07,{}
1571,Pamięć RAM G.SKILL DDR4 16 GB 3200,Podzespoły komputerowe;Pamięć RAM,389.0,G.SKILL,0.13,{'color': 'czarny'}
1572,Pamięć RAM Corsair DDR3 16 GB 1600,Podzespoły komputerowe;Pamięć RAM,379.0,Corsair,0.127,{'color': 'czarny'}
1573,Pamięć RAM Patriot DDR3 16 GB 1600,Podzespoły komputerowe;Pamięć RAM,-309.0,Patriot,0.12,{}
1574,Pamięć RAM Goodram DDR4 8 GB 2400,Podzespoły komputerowe;Pamięć RAM,158.99,Goodram,0.037,{'color': 'czerwony'}
1575,Pamięć RAM Goodram DDR4 8 GB 2400,Podzespoły komputerowe;Pamięć RAM,-153.33,Goodram,0.037,{'color': 'czarny'}
1576,Pamięć RAM Patriot DDR4 8 GB 2133,Podzespoły komputerowe;Pamięć RAM,139.9,Patriot,0.015,{'color': 'zielony'}
1577,Pamięć RAM Goodram DDR4 16 GB 2400,Podzespoły komputerowe;Pamięć RAM,284.37,Goodram,0.073,{'color': 'niebieski'}
1578,Pamięć RAM Patriot DDR3 8 GB 1600,Podzespoły komputerowe;Pamięć RAM,190.94,Patriot,0.157,{'color': 'czarny'}
1579,Pamięć RAM Corsair DDR4 8 GB 2666,Podzespoły komputerowe;Pamięć RAM,209.99,Corsair,0.06,{}
1580,Pamięć RAM Kingston DDR3 8 GB 1600,Podzespoły komputerowe;Pamięć RAM,290.0,Kingston,0.035,{'color': 'zielony'}
1581,Pamięć RAM Corsair DDR4 8 GB 2400,Podzespoły komputerowe;Pamięć RAM,169.0,Corsair,0.061,{'color': 'czarny'}
1582,Pamięć RAM Corsair DDR4 32 GB 2666,Podzespoły komputerowe;Pamięć RAM,699.0,Corsair,0.14,{}
1583,Pamięć RAM Corsair DDR4 16 GB 3200,Podzespoły komputerowe;Pamięć RAM,-379.0,Corsair,0.1,{'color': 'czarny'}
1584,Pamięć RAM Patriot DDR3 16 GB 1600,Podzespoły komputerowe;Pamięć RAM,-319.0,Patriot,0.111,{'color': 'czarny'}
1585,Pamięć RAM Corsair DDR4 16 GB 2133,Podzespoły komputerowe;Pamięć RAM,329.0,Corsair,0.101,{}
1586,Pamięć RAM G.SKILL DDR4 32 GB 3200,Podzespoły komputerowe;Pamięć RAM,628.5,G.SKILL,0.13,{'color': 'czarny'}
1587,Pamięć RAM Patriot DDR3 8 GB 1600,Podzespoły komputerowe;Pamięć RAM,109.0,Patriot,0.03,{'color': 'zielony'}
1588,Pamięć RAM Corsair DDR4 16 GB 3200,Podzespoły komputerowe;Pamięć RAM,389.0,Corsair,0.14,{'color': 'czerwony'}
1589,Pamięć RAM Corsair DDR4 16 GB 2666,Podzespoły komputerowe;Pamięć RAM,319.0,Corsair,0.1,{}
1590,Pamięć RAM Goodram DDR3 8 GB 1333,Podzespoły komputerowe;Pamięć RAM,149.99,Goodram,0.025,{}
1591,Pamięć RAM Goodram DDR3 8 GB 1600,Podzespoły komputerowe;Pamięć RAM,158.99,Goodram,0.026000000000000002,{}
1592,Pamięć RAM Goodram DDR3 4 GB 1600,Podzespoły komputerowe;Pamięć RAM,85.62,Goodram,0.025,{}
1593,Skaner Epson Perfection V600 Photo,Skanery;Płaskie USB,479.0,Epson,5.6,{}
1594,Skaner Epson Perfection V850 Pro,Skanery;Płaskie USB,699.0,Epson,10.0,{}
1595,Skaner Epson B11B239401,Skanery;Płaskie USB,429.0,Epson,3.7,{}
1596,Skaner Epson Perfection V19,Skanery;Płaskie USB,670.0,Epson,2.0,{}
1597,Skaner Brother DS-740D,Skanery;Profesjonalne,630.0,Brother,1.22,{}
1598,Skaner Brother ADS-2400N,Skanery;Profesjonalne,680.0,Brother,6.2,{}
1599,Skaner Epson DS-410,Skanery;Profesjonalne,548.97,Epson,2.5,{}
1600,"Tablet Apple iPad 5 9.7"" 2 GB / 32 GB szary",Tablety;Urządzenia,849.0,Apple,1.35,{'color': 'szary'}
1601,"Tablet Huawei Matepad T10s 10.1"" 2 GB / 32 GB niebieski",Tablety;Urządzenia,799.0,Huawei,0.608,{'color': 'niebieski'}
1602,"Tablet Lenovo TB-8505F M8 8"" 2 GB / 32 GB szary",Tablety;Urządzenia,499.0,Lenovo,0.48,{'color': 'szary'}
1603,"Tablet Lenovo Yoga Smart Tab 10.1"" 4 GB / 64 GB szary",Tablety;Urządzenia,99.0,Lenovo,0.93,{'color': 'szary'}
1604,"Tablet Huawei MediaPad T3 10 9.6"" 2 GB / 32 GB szary",Tablety;Urządzenia,677.0,Huawei,0.8,{'color': 'szary'}
1605,"Tablet Apple iPad 10.2"" 3 GB / 32 GB szary",Tablety;Urządzenia,799.0,Apple,0.495,{'color': 'szary'}
1606,"Tablet Lenovo Tab M10 10.1"" 3 GB / 2 GB czarny",Tablety;Urządzenia,689.0,Lenovo,0.48,{'color': 'czarny'}
1607,"Tablet Apple iPad Air 2 9.7"" 2 GB / 128 GB szary",Tablety;Urządzenia,909.99,Apple,0.84,{'color': 'szary'}
1608,Gogle VR Esperanza VR3DEAPSTD$VRPILOTBT,Urządzenia VR;Gogle VR,59.0,Esperanza,0.2,{}
1609,Gogle VR Esperanza VR3DEAPSTD,Urządzenia VR;Gogle VR,95.0,Esperanza,0.44,{}
1610,Gogle VR Esperanza EGV300R,Urządzenia VR;Gogle VR,34.9,Esperanza,0.376,{}
1611,Pad bezprzewodowy Ipega PG-9076,Urządzenia wskazujące;Pady,97.0,Ipega,0.30000000000000004,{'color': 'czarny'}
1612,Pad bezprzewodowy Ipega PG-9083S,Urządzenia wskazujące;Pady,138.99,Ipega,1.0,{'color': 'czarny'}
1613,Pad przewodowy Thrustmaster T-LCM,Urządzenia wskazujące;Pady,14.23,Thrustmaster,8.0,{'color': 'czarny'}
1614,Pad bezprzewodowy Razer Raiju Tournament Edition 2019,Urządzenia wskazujące;Pady,188.0,Razer,0.332,{'color': 'czarny'}
1615,Pad bezprzewodowy Esperanza EGG108K GLADIATOR,Urządzenia wskazujące;Pady,29.38,Esperanza,0.24,{'color': 'czarny'}
1616,Pad bezprzewodowy Esperanza EGG108G GLADIATOR,Urządzenia wskazujące;Pady,29.19,Esperanza,0.30000000000000004,{'color': 'czarny'}
1617,Pad przewodowy Esperanza Vanquisher,Urządzenia wskazujące;Pady,40.0,Esperanza,0.30000000000000004,{'color': 'czarny'}
1618,Pad bezprzewodowy Esperanza Marine,Urządzenia wskazujące;Pady,34.98,Esperanza,0.30000000000000004,{'color': 'czarny'}
1619,Pad bezprzewodowy Genesis PV-58,Urządzenia wskazujące;Pady,94.9,Genesis,0.30000000000000004,{'color': 'czarny'}
1620,Pad bezprzewodowy Speedlink SL-6576-BK-02,Urządzenia wskazujące;Pady,79.0,SpeedLink,0.405,{'color': 'czarny'}
1621,Pad bezprzewodowy Natec PV65,Urządzenia wskazujące;Pady,109.0,Natec,0.30000000000000004,{'color': 'czarny'}
1622,Pad przewodowy Logitech Gamepad F310 (PC),Urządzenia wskazujące;Pady,129.0,Logitech,0.323,{'color': 'niebieski'}
1623,Pad przewodowy Genesis P65,Urządzenia wskazujące;Pady,79.0,Genesis,0.30000000000000004,{'color': 'czarny'}
1624,Pad przewodowy Esperanza EG102,Urządzenia wskazujące;Pady,17.9,Esperanza,0.242,{'color': 'czarny'}
1625,Pad przewodowy Esperanza EG106,Urządzenia wskazujące;Pady,31.09,Esperanza,0.304,{'color': 'czarny'}
1626,Zestaw klawiatura i mysz Esperanza EK136 czarny,Zestaw klawiatura i mysz;Bezprzewodowe,37.9,Esperanza,0.6000000000000001,{}
1627,Klawiatura i mysz Logitech MK470,Zestaw klawiatura i mysz;Bezprzewodowe,229.0,Logitech,0.88,{}
1628,Zestaw klawiatura i mysz Logitech 920-009824 biały,Zestaw klawiatura i mysz;Bezprzewodowe,148.48,Logitech,0.75,{}
1629,Zestaw bezprzewodowy Logitech MK295 czarny,Zestaw klawiatura i mysz;Bezprzewodowe,148.48,Logitech,0.75,{}
1630,Zestaw klawiatura i mysz Dell KM7120W srebrny,Zestaw klawiatura i mysz;Bezprzewodowe,298.99,Dell,0.7000000000000001,{}
1631,Zestaw bezprzewodowy 2w1 klawiatura + mysz Natec,Zestaw klawiatura i mysz;Bezprzewodowe,45.0,Natec,0.605,{}
1632,Zestaw klawiatura i mysz Rapoo 9300M,Zestaw klawiatura i mysz;Bezprzewodowe,174.95,Rapoo,0.54,{}
1633,Logitech MK470,Zestaw klawiatura i mysz;Bezprzewodowe,197000000.0,Logitech,0.875,{}
1634,Zestaw klawiatura i mysz Microsoft L3V-00021 czarny,Zestaw klawiatura i mysz;Bezprzewodowe,277.0,Microsoft,1.45,{}
1635,Klawiatura z myszką Logitech,Zestaw klawiatura i mysz;Bezprzewodowe,619.0,Logitech,1.6400000000000001,{}
1636,Klawiatura z myszką Titanum,Zestaw klawiatura i mysz;Bezprzewodowe,34.94,Titanum,0.58,{}
1637,Klawiatura i mysz Lenovo,Zestaw klawiatura i mysz;Bezprzewodowe,209.99,Lenovo,0.98,{}
1638,Zestaw klawiatura i mysz Dell 580ADGF biały,Zestaw klawiatura i mysz;Bezprzewodowe,-147.99,Dell,0.741,{}
1639,Klawiatura i mysz Logitech K375s,Zestaw klawiatura i mysz;Bezprzewodowe,165.0,Logitech,0.658,{}
1640,Klawiatura i mysz komputerowa Logitech 920-008226,Zestaw klawiatura i mysz;Bezprzewodowe,438890000.0,Logitech,1.38,{}
1641,Klawiatura i mysz komputerowa Esperanza EK122K,Zestaw klawiatura i mysz;Bezprzewodowe,64.89,Esperanza,0.43,{}
1642,Klawiatura i mysz komputerowa Tracer TRAKLA44928,Zestaw klawiatura i mysz;Bezprzewodowe,59.89,Tracer,0.68,{}
1643,Klawiatura i mysz komputerowa Tracer TRAKLA45286,Zestaw klawiatura i mysz;Bezprzewodowe,57.2,Tracer,0.68,{}
1644,Klawiatura i mysz komputerowa Esperanza EK122W,Zestaw klawiatura i mysz;Bezprzewodowe,68.6,Esperanza,0.30000000000000004,{}
1645,Klawiatura i mysz komputerowa Microsoft Sculpt Ergonomic Desktop L5V-00021,Zestaw klawiatura i mysz;Bezprzewodowe,421.9,Microsoft,2.06,{}
1646,Klawiatura i mysz komputerowa Microsoft Wireless Desktop 2000 PROTECTOR M7J-00015,Zestaw klawiatura i mysz;Bezprzewodowe,146.0,Microsoft,1.19,{}
1647,Klawiatura i mysz komputerowa Microsoft Wireless Desktop 850 PY9-00015,Zestaw klawiatura i mysz;Bezprzewodowe,142.99,Microsoft,0.9400000000000001,{}
1648,Klawiatura i mysz komputerowa Microsoft Wireless Comfort Desktop 5050,Zestaw klawiatura i mysz;Bezprzewodowe,277.57,Microsoft,1.48,{}
1649,Klawiatura i mysz komputerowa Microsoft Designer Bluetooth Desktop 7N9-00022,Zestaw klawiatura i mysz;Bezprzewodowe,349.0,Microsoft,0.92,{}
1650,Zestaw klawiatura i mysz Logitech 920-003999 czarny,Zestaw klawiatura i mysz;Bezprzewodowe,178.9,Logitech,0.983,{}
1651,Zestaw klawiatura i mysz Logitech 920-007931 czarny,Zestaw klawiatura i mysz;Bezprzewodowe,129.0,Logitech,0.6900000000000001,{}
1652,Klawiatura i mysz Logitech MK220,Zestaw klawiatura i mysz;Bezprzewodowe,96.99,Logitech,0.624,{}
1653,Zestaw LOGITECH MK120 Desktop,Zestaw klawiatura i mysz;Przewodowe,77.0,Logitech,0.9560000000000001,{}
